STN,DATE,TIME,DEWP,STP,TEMP,SLP,VISIB,WDSP,PRCP,SNDP,FRSHTT,CLDC,WNDDIR
483830,2019-02-04,12:23:21,8.3,1041.4,17.3,1017.6,11.7,8.9,0.00,0.0,000000,68.4,7
485170,2019-02-04,12:23:21,19.4,1036.9,17.3,1017.6,11.6,2.4,0.00,0.0,000000,4.2,75
488390,2019-02-04,12:23:21,5.8,1015.3,17.3,1018.8,9.5,26.7,0.02,0.0,010000,82.9,346
483750,2019-02-04,12:23:21,13.0,1010.8,16.8,1010.4,5.0,5.3,0.00,0.0,000000,51.8,212
483770,2019-02-04,12:23:21,6.5,1011.8,16.8,1011.2,5.5,10.1,0.00,0.0,000000,34.8,20
488960,2019-02-04,12:23:21,9.7,1021.6,15.3,1013.1,21.2,8.1,0.00,0.0,000000,31.6,333
488962,2019-02-04,12:23:21,10.1,1011.2,19.4,1011.0,20.6,5.6,0.00,0.0,000000,76.6,84
489100,2019-02-04,12:23:21,15.2,1011.1,17.1,1017.7,9.2,9.2,0.00,0.0,000000,28.7,169
488910,2019-02-04,12:23:21,15.8,1007.7,17.0,1024.5,12.2,9.0,0.00,0.0,000000,94.0,51
488915,2019-02-04,12:23:21,14.8,1009.9,19.0,995.3,13.4,12.7,0.00,0.0,000000,8.9,49
488926,2019-02-04,12:23:21,12.0,1007.4,17.1,1034.2,8.8,4.7,0.00,0.0,000000,6.6,176
488460,2019-02-04,12:23:21,7.8,991.9,17.0,1021.6,1.1,6.5,0.00,0.0,000000,61.0,108
484600,2019-02-04,12:23:21,17.7,995.6,17.0,1012.1,11.0,0.2,0.00,0.0,000000,71.1,215
484590,2019-02-04,12:23:21,13.3,1015.8,17.0,1011.7,11.0,4.7,0.01,0.0,010000,50.0,37
484560,2019-02-04,12:23:21,19.4,993.0,17.0,1010.9,6.5,10.2,0.01,0.0,010000,76.0,45
489070,2019-02-04,12:23:21,15.3,1011.3,19.5,1011.4,17.0,11.3,0.00,0.0,000000,31.1,140
488815,2019-02-04,12:23:21,9.0,851.4,16.3,851.4,7.2,19.1,0.00,0.0,833.3,82.4,323
488810,2019-02-04,12:23:21,4.7,907.3,17.0,948.2,21.5,13.2,0.00,0.0,000000,54.9,22
749313,2019-02-04,12:23:21,5.2,945.4,16.2,929.1,7.4,3.6,0.00,0.0,000000,4.0,146.7
484650,2019-02-04,12:23:21,20.5,1010.7,17.2,1011.1,5.4,11.3,0.21,0.0,010000,84.6,281
483575,2019-02-04,12:23:21,12.2,1009.3,17.2,1005.7,7.4,6.2,0.00,0.0,000000,12.0,254
483570,2019-02-04,12:23:21,7.6,1015.7,17.2,1001.6,9.5,11.7,0.00,0.0,000000,6.5,129
488600,2019-02-04,12:23:21,11.7,1014.1,15.1,1014.6,15.6,5.9,0.00,0.0,000000,9.7,170
488480,2019-02-04,12:23:21,13.7,1020.1,16.1,1017.9,21.1,4.7,0.05,0.0,010000,51.1,340
488300,2019-02-04,12:23:21,0.5,994.6,17.2,1026.5,17.8,11.5,0.00,0.0,000000,40.8,42
485576,2019-02-04,12:23:21,15.1,1007.6,17.1,1014.8,11.5,11.3,0.00,0.0,000000,78.6,201
485577,2019-02-04,12:23:21,19.1,1006.3,17.1,991.6,11.5,26.0,0.00,0.0,000000,98.7,115
483545,2019-02-04,12:23:21,7.7,1011.5,17.1,1009.2,6.6,4.0,0.00,0.0,000000,86.1,22
483540,2019-02-04,12:23:21,12.7,1000.4,17.1,1009.4,4.3,7.1,0.00,0.0,000000,12.2,54
485690,2019-02-04,12:23:21,20.6,1012.7,17.1,1011.1,10.7,15.5,0.02,0.0,010000,52.0,119
485670,2019-02-04,12:23:21,21.9,1007.2,17.1,1009.1,7.0,18.8,0.00,0.0,000000,54.3,304
488490,2019-02-04,12:23:21,6.0,1018.7,17.1,1020.8,14.9,9.0,0.00,0.0,000000,62.2,107
488700,2019-02-04,12:23:21,8.8,1014.3,17.1,1015.3,17.7,12.9,0.01,0.0,010000,51.9,284
488635,2019-02-04,12:23:21,8.9,1016.5,15.5,1020.4,12.8,16.5,0.00,0.0,000000,78.2,146
484620,2019-02-04,12:23:21,12.3,1020.3,17.1,1011.8,4.4,3.9,0.00,0.0,000000,4.8,323
489125,2019-02-04,12:23:21,16.9,1010.9,17.1,1016.8,12.6,11.7,0.00,0.0,000000,90.0,20
489130,2019-02-04,12:23:21,12.8,1012.6,18.4,1014.8,17.8,9.8,0.00,0.0,000000,43.8,71
488060,2019-02-04,12:23:21,12.7,934.9,17.1,1011.0,16.4,4.4,0.00,0.0,000000,12.7,17
484610,2019-02-04,12:23:21,16.7,1004.8,20.2,1012.0,6.5,11.0,0.04,0.0,010000,65.6,302
483800,2019-02-04,12:23:21,19.0,1002.7,17.2,1012.2,5.6,2.1,0.00,0.0,000000,12.2,95
484006,2019-02-04,12:23:21,11.0,1015.1,17.2,1018.5,12.5,17.3,0.00,0.0,000000,34.0,41
484005,2019-02-04,12:23:21,13.0,1008.8,17.2,1035.8,12.6,11.8,0.00,0.0,000000,4.1,3
484000,2019-02-04,12:23:21,12.8,1022.4,17.2,1010.9,6.4,3.6,0.00,0.0,000000,92.1,305
484050,2019-02-04,12:23:21,10.5,1014.8,20.4,1011.9,7.2,0.7,0.00,0.0,000000,28.9,60
488630,2019-02-04,12:23:21,13.6,1018.0,19.3,1002.3,12.1,21.7,0.00,0.0,000000,24.3,268
483790,2019-02-04,12:23:21,9.4,1032.0,17.4,1013.0,4.7,1.7,0.00,0.0,000000,65.8,51
483780,2019-02-04,12:23:21,16.9,1011.8,17.4,1011.0,6.1,1.5,0.00,0.0,000000,41.1,204
483030,2019-02-04,12:23:21,13.3,1013.5,21.0,1012.0,7.7,2.3,0.00,0.0,000000,40.6,37
483000,2019-02-04,12:23:21,20.0,980.4,17.6,1013.0,7.7,3.7,0.00,0.0,000000,69.8,16
483760,2019-02-04,12:23:21,15.8,1001.2,17.5,1014.0,2.3,0.5,0.00,0.0,000000,91.0,27
485800,2019-02-04,12:23:21,19.5,1009.3,17.6,1011.8,8.2,5.1,0.00,0.0,000000,37.9,356
489480,2019-02-04,12:23:21,14.6,1039.6,19.7,1016.9,15.2,5.5,0.00,0.0,000000,76.2,133
489660,2019-02-04,12:23:21,13.4,1010.3,20.8,1003.1,7.7,8.9,0.00,0.0,000000,65.7,115
483530,2019-02-04,12:23:21,14.2,996.3,17.7,1012.8,6.4,1.7,0.02,0.0,010000,89.5,149
488550,2019-02-04,12:23:21,13.6,1012.6,16.4,1014.7,9.8,12.7,0.01,0.0,010000,51.9,233
484260,2019-02-04,12:23:21,17.7,993.5,17.8,1013.0,5.3,1.6,0.00,0.0,000000,75.9,200
488730,2019-02-04,12:23:21,11.3,1013.9,17.8,1016.2,13.0,12.7,0.00,0.0,000000,60.3,210
488640,2019-02-04,12:23:21,8.1,1015.5,17.9,1016.7,10.8,14.7,0.00,0.0,000000,47.1,135
488695,2019-02-04,12:23:21,9.1,1008.9,16.1,973.8,9.3,19.3,0.00,0.0,000000,50.5,124
488260,2019-02-04,12:23:21,9.1,1009.0,17.9,1018.5,6.4,6.2,0.03,0.0,010000,50.9,66
488750,2019-02-04,12:23:21,14.4,951.7,16.3,1012.3,8.4,14.3,0.00,0.0,000000,21.9,308
489170,2019-02-04,12:23:21,17.8,1015.3,17.9,1012.5,20.8,6.9,0.00,0.0,000000,51.1,358
485000,2019-02-04,12:23:21,18.5,1014.8,17.9,1011.9,9.1,8.7,0.05,0.0,010000,82.6,259
489015,2019-02-04,12:23:21,15.1,1007.4,20.5,1034.7,10.5,10.3,0.00,0.0,000000,48.5,38
483760,2019-02-04,12:23:22,15.8,1001.5,18.2,1014.0,2.3,0.5,0.00,0.0,000000,91.0,27
485650,2019-02-04,12:23:21,18.6,1009.0,18.2,1009.7,9.7,6.9,0.08,0.0,010000,50.1,118
485660,2019-02-04,12:23:21,20.1,1018.6,18.2,1010.4,12.5,4.9,0.00,0.0,000000,85.8,140
485640,2019-02-04,12:23:21,18.3,985.5,18.1,1005.3,8.7,1.5,0.31,0.0,010000,75.7,330
488030,2019-02-04,12:23:21,11.9,1010.9,18.2,1019.7,5.8,0.7,0.00,0.0,000000,7.5,102
488896,2019-02-04,12:23:21,9.8,1009.8,18.6,1003.7,17.3,15.5,0.00,0.0,000000,23.0,340
488100,2019-02-04,12:23:21,9.7,1041.8,18.2,1024.8,12.4,4.1,0.00,0.0,000000,44.6,200
485320,2019-02-04,12:23:21,14.3,1008.4,18.3,1009.5,10.4,11.3,0.00,0.0,000000,58.6,314
489111,2019-02-04,12:23:21,11.5,1018.3,18.2,1013.3,14.2,16.9,0.00,0.0,000000,77.7,169
489105,2019-02-04,12:23:21,10.7,1012.3,16.5,1015.5,14.0,20.1,0.00,0.0,000000,99.9,110
489470,2019-02-04,12:23:21,9.0,998.0,19.5,1016.2,9.7,13.2,0.00,0.0,000000,54.7,78
485170,2019-02-04,12:23:22,18.3,1036.9,21.8,1012.5,11.5,2.3,0.00,0.0,000000,4.2,75
488450,2019-02-04,12:23:21,7.5,1020.6,18.2,1021.7,19.4,0.4,0.00,0.0,000000,78.3,57
488510,2019-02-04,12:23:21,10.9,1018.8,16.0,1029.5,9.8,7.5,0.00,0.0,000000,58.8,29
488480,2019-02-04,12:23:22,13.1,1020.1,15.1,1017.9,21.2,4.7,0.05,0.0,010000,51.2,339
488525,2019-02-04,12:23:21,8.3,1017.7,18.1,1028.7,3.2,16.3,0.00,0.0,000000,58.2,217
488526,2019-02-04,12:23:21,11.4,1016.1,18.1,991.6,7.7,7.3,0.00,0.0,000000,20.5,87
483575,2019-02-04,12:23:22,13.8,1009.5,18.0,1005.7,7.3,6.1,0.00,0.0,000000,12.0,254
483570,2019-02-04,12:23:22,13.1,993.9,17.7,1001.5,9.5,11.7,0.00,0.0,000000,6.6,129
488730,2019-02-04,12:23:22,11.3,1013.9,18.0,1016.2,13.1,12.6,0.00,0.0,000000,60.3,210
488460,2019-02-04,12:23:22,7.8,991.8,18.0,1021.6,1.1,6.5,0.00,0.0,000000,60.9,109
483750,2019-02-04,12:23:22,14.7,1010.8,18.0,1010.4,4.9,5.2,0.00,0.0,000000,51.7,212
483770,2019-02-04,12:23:22,5.0,1011.5,18.0,1011.2,5.6,10.1,0.00,0.0,000000,34.8,21
484600,2019-02-04,12:23:22,17.7,995.5,18.1,1012.1,10.9,0.2,0.00,0.0,000000,71.0,214
484590,2019-02-04,12:23:22,14.3,1015.8,18.1,1011.7,11.0,4.8,0.01,0.0,010000,50.1,37
484560,2019-02-04,12:23:22,19.4,1014.9,18.2,1010.9,6.4,7.4,0.01,0.0,010000,76.0,45
489041,2019-02-04,12:23:21,12.7,1011.4,17.5,1010.9,20.1,14.9,0.00,0.0,000000,4.6,78
488815,2019-02-04,12:23:22,10.6,851.4,14.8,851.3,7.3,19.2,0.00,0.0,000000,82.4,322
488810,2019-02-04,12:23:22,6.0,907.3,17.9,948.1,21.5,13.1,0.00,0.0,000000,54.9,22
484550,2019-02-04,12:23:21,17.6,1014.6,18.2,1011.5,8.2,2.6,0.03,0.0,010000,51.3,217
489180,2019-02-04,12:23:21,12.3,1013.1,15.6,1012.1,17.8,19.0,0.00,0.0,000000,28.5,96
484300,2019-02-04,12:23:21,17.3,1002.8,19.9,1011.5,12.4,2.0,0.19,0.0,010000,65.7,289
484750,2019-02-04,12:23:21,15.7,1009.5,20.6,1011.7,9.0,5.8,0.01,0.0,010000,52.0,86
489140,2019-02-04,12:23:21,16.3,1009.3,19.1,1012.1,19.4,9.3,0.00,0.0,000000,35.1,201
488660,2019-02-04,12:23:21,7.7,934.2,15.3,983.9,17.8,20.3,0.00,0.0,000000,57.2,293
485500,2019-02-04,12:23:21,19.1,1041.9,17.9,1010.6,8.0,11.5,0.00,0.0,000000,56.9,151
483030,2019-02-04,12:23:22,11.6,1013.6,18.9,1012.0,7.7,2.3,0.00,0.0,000000,40.6,37
488840,2019-02-04,12:23:21,7.6,919.2,17.9,952.2,7.0,3.0,0.00,0.0,000000,98.1,228
488676,2019-02-04,12:23:21,12.0,1014.8,18.3,1023.6,8.5,13.2,0.00,0.0,000000,14.7,3
488685,2019-02-04,12:23:21,6.9,1015.9,18.0,999.9,12.8,20.8,0.00,0.0,000000,86.3,180
488520,2019-02-04,12:23:21,10.4,1015.8,17.9,1019.1,8.0,5.1,0.14,0.0,010000,53.3,83
488515,2019-02-04,12:23:21,8.0,1016.3,17.8,1051.6,8.0,18.0,0.00,0.0,2666.7,32.2,139
484316,2019-02-04,12:23:21,12.7,1004.4,17.2,1020.3,11.3,2.2,0.00,0.0,000000,50.2,112
484310,2019-02-04,12:23:21,15.3,1002.9,17.8,1006.8,4.1,5.2,0.00,0.0,000000,61.9,48
484320,2019-02-04,12:23:21,14.7,1004.9,17.8,1012.3,12.2,3.4,0.00,0.0,000000,48.4,203
489400,2019-02-04,12:23:21,10.7,1004.2,19.6,1010.0,8.2,2.4,0.01,0.0,010000,50.4,141.6
489350,2019-02-04,12:23:21,5.5,980.6,15.0,1007.3,20.2,14.7,0.00,0.0,000000,34.8,39
483280,2019-02-04,12:23:21,9.3,1043.1,20.3,1009.4,2.8,2.3,0.00,0.0,000000,67.3,350
484075,2019-02-04,12:23:21,-20.0,988.4,17.9,1006.8,7.4,4.2,0.00,0.0,000000,47.2,42
484076,2019-02-04,12:23:21,8.4,972.9,20.3,950.3,6.3,4.6,0.00,0.0,000000,62.5,197
489006,2019-02-04,12:23:21,11.3,995.7,17.7,1022.2,15.4,13.5,0.00,0.0,000000,34.3,63
489005,2019-02-04,12:23:21,8.5,1009.5,16.6,1005.8,13.0,5.1,0.00,0.0,2088.9,73.0,134
489000,2019-02-04,12:23:21,16.0,1011.9,17.9,1010.3,9.0,6.0,0.00,0.0,000000,68.0,333
483032,2019-02-04,12:23:21,16.6,1018.1,19.7,995.9,9.4,6.8,0.00,0.0,2158.5,63.6,314
483520,2019-02-04,12:23:21,11.9,993.9,18.0,1013.8,8.2,1.6,0.05,0.0,010000,50.2,186
488660,2019-02-04,12:23:22,9.1,934.2,15.3,983.8,17.7,20.2,0.00,0.0,000000,57.3,293
484006,2019-02-04,12:23:22,11.0,1015.1,17.9,1018.5,12.5,17.4,0.00,0.0,000000,34.0,40
484005,2019-02-04,12:23:22,14.0,1008.8,17.9,1035.9,12.6,11.7,0.00,0.0,000000,4.1,3
484000,2019-02-04,12:23:22,13.9,1022.4,17.9,1010.9,6.3,3.5,0.00,0.0,000000,92.1,305
484050,2019-02-04,12:23:22,10.5,1014.9,20.4,1011.9,7.3,0.7,0.00,0.0,000000,28.9,61
489480,2019-02-04,12:23:22,13.5,1039.2,17.9,1016.9,15.2,5.5,0.00,0.0,000000,76.3,134
489100,2019-02-04,12:23:22,15.2,1011.1,19.7,1017.7,9.2,9.3,0.00,0.0,000000,28.7,170
484260,2019-02-04,12:23:22,18.9,993.9,18.0,1013.0,5.3,1.6,0.00,0.0,000000,76.0,200
489070,2019-02-04,12:23:22,15.3,1011.3,21.4,1011.5,16.9,11.4,0.00,0.0,000000,31.1,140
489400,2019-02-04,12:23:22,9.5,1004.1,19.6,1010.0,8.3,2.4,0.01,0.0,010000,50.4,110
489350,2019-02-04,12:23:22,3.5,980.5,15.0,1007.3,20.1,14.8,0.00,0.0,000000,34.7,40
483280,2019-02-04,12:23:22,11.6,1043.1,18.2,1009.4,2.8,2.3,0.00,0.0,000000,67.3,350
485576,2019-02-04,12:23:23,14.3,1007.4,18.1,1014.9,5.9,11.1,0.00,0.0,000000,78.6,200
485577,2019-02-04,12:23:23,19.4,1006.6,18.1,991.5,11.6,26.0,0.00,0.0,000000,98.7,115
488750,2019-02-04,12:23:23,14.4,951.7,15.1,1012.3,8.3,14.3,0.00,0.0,000000,21.9,308
488676,2019-02-04,12:23:23,12.0,1014.8,19.5,1024.0,8.4,13.4,0.00,0.0,000000,14.6,3
488685,2019-02-04,12:23:23,7.9,1015.9,18.1,999.9,12.9,20.8,0.00,0.0,000000,86.3,180
485690,2019-02-04,12:23:23,19.5,1012.7,18.1,1011.1,10.8,15.5,0.02,0.0,010000,51.9,120
485670,2019-02-04,12:23:23,20.7,1007.2,18.1,1009.1,7.1,18.6,0.00,0.0,000000,54.4,304
488630,2019-02-04,12:23:23,14.5,1018.0,20.6,1002.6,12.0,21.6,0.00,0.0,000000,24.3,268
488600,2019-02-04,12:23:23,11.7,1014.1,15.1,1014.6,15.5,6.0,0.00,0.0,000000,9.7,169
489180,2019-02-04,12:23:23,12.3,1013.1,15.6,1012.1,17.7,19.2,0.00,0.0,000000,28.4,96
484620,2019-02-04,12:23:23,12.3,1020.1,18.0,1011.8,4.3,3.9,0.00,0.0,000000,4.7,323
489015,2019-02-04,12:23:23,15.1,1007.4,18.1,1034.8,10.4,10.3,0.00,0.0,000000,48.5,37
488300,2019-02-04,12:23:23,0.5,994.6,18.1,1026.5,17.8,11.7,0.00,0.0,000000,40.8,41
489140,2019-02-04,12:23:23,16.3,1009.2,21.0,1012.1,19.5,9.1,0.00,0.0,000000,35.2,201
485650,2019-02-04,12:23:23,19.6,1009.0,18.1,1009.7,9.7,6.9,0.08,0.0,010000,50.1,118
485660,2019-02-04,12:23:23,20.1,1018.1,18.0,1010.4,12.3,4.9,0.00,0.0,000000,85.8,140
485640,2019-02-04,12:23:23,18.3,985.5,18.2,1005.3,8.8,1.6,0.31,0.0,010000,75.7,331
488390,2019-02-04,12:23:23,6.1,1015.3,18.2,1018.8,9.7,26.7,0.02,0.0,010000,82.9,346
484550,2019-02-04,12:23:23,16.7,1014.6,21.3,1011.5,8.2,2.6,0.03,0.0,010000,51.3,218
488700,2019-02-04,12:23:23,8.2,1014.3,18.3,1015.3,17.7,12.9,0.01,0.0,010000,51.9,283
488460,2019-02-04,12:23:23,7.6,991.7,18.3,1021.6,1.1,6.5,0.00,0.0,000000,61.0,109
488100,2019-02-04,12:23:23,9.7,1041.8,18.3,1024.8,12.6,4.1,0.00,0.0,000000,44.6,201
483750,2019-02-04,12:23:23,14.7,1010.8,18.4,1010.4,4.9,5.1,0.00,0.0,000000,51.8,212
483770,2019-02-04,12:23:23,5.0,1011.8,21.9,1011.2,5.5,10.1,0.00,0.0,000000,34.8,20
488525,2019-02-04,12:23:23,8.7,1017.7,18.4,1028.7,3.3,16.3,0.00,0.0,000000,62.7,217
488526,2019-02-04,12:23:23,11.4,1016.1,15.8,991.4,7.7,7.2,0.00,0.0,000000,20.5,87
484316,2019-02-04,12:23:23,11.7,1004.4,20.0,1020.3,11.4,2.2,0.00,0.0,000000,50.1,112
484310,2019-02-04,12:23:23,14.0,1002.9,18.2,1006.8,4.1,5.2,0.00,0.0,000000,61.9,48
484320,2019-02-04,12:23:23,13.4,1004.9,18.2,1012.3,12.1,3.3,0.00,0.0,000000,48.4,203
489470,2019-02-04,12:23:23,10.5,998.0,18.2,1016.2,9.5,13.2,0.00,0.0,000000,54.7,77
484650,2019-02-04,12:23:23,20.0,1010.7,21.1,1011.1,5.3,11.3,0.21,0.0,010000,84.6,281
483530,2019-02-04,12:23:23,14.2,996.4,20.7,1012.8,6.5,1.7,0.02,0.0,010000,89.5,149
483800,2019-02-04,12:23:23,19.5,1002.7,18.5,1012.2,5.5,2.1,0.00,0.0,000000,12.2,95
488730,2019-02-04,12:23:23,11.2,1013.9,18.5,1016.2,13.2,12.6,0.00,0.0,000000,60.3,210
488910,2019-02-04,12:23:23,15.8,1007.7,18.5,1025.0,12.3,9.0,0.00,0.0,000000,94.1,51
488915,2019-02-04,12:23:23,14.8,1009.9,21.0,995.3,13.4,12.8,0.00,0.0,000000,8.9,49
488926,2019-02-04,12:23:23,10.3,1007.4,19.9,1034.5,8.9,4.7,0.00,0.0,000000,6.6,176
484300,2019-02-04,12:23:23,16.9,1010.8,18.3,1011.5,12.4,2.0,0.19,0.0,010000,65.6,289
483545,2019-02-04,12:23:23,6.2,1011.5,18.8,1009.2,6.6,3.9,0.00,0.0,000000,86.1,22
483540,2019-02-04,12:23:23,12.9,1000.5,19.1,1009.4,4.3,7.2,0.00,0.0,000000,12.1,54
489125,2019-02-04,12:23:23,16.9,1010.9,18.3,1016.1,12.5,11.2,0.00,0.0,000000,90.0,20
489130,2019-02-04,12:23:23,12.8,1012.5,15.9,1014.9,17.7,11.9,0.00,0.0,000000,43.8,70
489100,2019-02-04,12:23:24,16.0,1008.5,19.7,1017.7,9.2,9.4,0.00,0.0,000000,28.7,169
489006,2019-02-04,12:23:24,11.2,995.7,17.7,1022.3,15.4,13.1,0.00,0.0,000000,34.2,64
489005,2019-02-04,12:23:24,9.7,1009.5,19.0,1005.8,13.0,4.9,0.00,0.0,000000,72.9,134
489000,2019-02-04,12:23:24,14.8,1011.9,18.9,1010.3,9.1,5.8,0.00,0.0,000000,67.9,334
488960,2019-02-04,12:23:24,9.7,1021.5,17.5,1013.1,21.2,8.0,0.00,0.0,000000,31.6,334
488962,2019-02-04,12:23:24,11.4,1011.2,17.1,1011.1,20.6,5.7,0.00,0.0,000000,76.6,84
488525,2019-02-04,12:23:24,8.7,1017.7,18.8,1028.4,3.2,16.4,0.00,0.0,000000,62.7,217
488526,2019-02-04,12:23:24,11.4,1016.1,18.7,991.2,7.6,7.2,0.00,0.0,000000,20.5,88
485576,2019-02-04,12:23:24,14.3,1007.5,18.7,1014.8,6.0,11.2,0.00,0.0,000000,78.6,200
485577,2019-02-04,12:23:24,19.4,1006.8,18.7,991.6,11.7,26.1,0.00,0.0,000000,98.7,115
749313,2019-02-04,12:23:24,7.3,945.4,18.8,929.1,7.4,3.5,0.00,0.0,000000,4.1,199
483830,2019-02-04,12:23:24,8.3,1041.7,15.2,1017.7,11.8,8.7,0.00,0.0,000000,68.5,7
488640,2019-02-04,12:23:24,8.1,1015.5,18.5,1016.7,10.7,14.7,0.00,0.0,000000,47.1,136
488695,2019-02-04,12:23:24,9.8,954.7,17.8,973.7,9.2,19.2,0.00,0.0,000000,52.7,124
488730,2019-02-04,12:23:24,10.7,1013.9,15.6,1016.2,13.2,12.5,0.00,0.0,000000,60.3,209
488600,2019-02-04,12:23:24,12.1,1014.1,15.1,1014.6,15.6,5.9,0.00,0.0,000000,9.7,169
484006,2019-02-04,12:23:24,12.5,1015.1,18.5,1018.5,12.5,17.1,0.00,0.0,000000,34.0,40
484005,2019-02-04,12:23:24,14.0,1008.8,18.4,1036.1,12.5,11.9,0.00,0.0,000000,4.1,3
484000,2019-02-04,12:23:24,13.9,1022.4,18.5,1010.9,6.4,3.6,0.00,0.0,000000,92.1,305
484050,2019-02-04,12:23:24,11.9,1014.8,20.4,1011.9,7.3,0.7,0.00,0.0,000000,28.9,60
484750,2019-02-04,12:23:24,16.6,1009.5,20.6,1011.7,8.9,5.7,0.01,0.0,010000,52.0,86
485320,2019-02-04,12:23:24,14.3,1008.4,18.5,1009.5,10.4,11.1,0.00,0.0,000000,58.7,315
483032,2019-02-04,12:23:24,16.6,1018.3,19.7,995.9,9.3,6.9,0.00,0.0,000000,63.5,314
488910,2019-02-04,12:23:24,14.8,1007.7,21.0,1024.8,12.3,9.1,0.00,0.0,000000,94.1,51
488915,2019-02-04,12:23:24,14.8,1009.9,19.0,995.4,13.4,12.7,0.00,0.0,000000,8.9,49
488926,2019-02-04,12:23:24,10.3,1007.4,22.0,1034.6,9.0,4.7,0.00,0.0,000000,6.7,175
483030,2019-02-04,12:23:24,11.6,1013.7,21.0,1012.0,7.7,2.4,0.00,0.0,000000,40.6,38
488520,2019-02-04,12:23:24,9.8,1015.8,18.7,1019.1,8.1,5.2,0.14,0.0,010000,53.4,82
488515,2019-02-04,12:23:24,8.9,1016.4,18.7,1051.9,8.0,17.9,0.00,0.0,000000,32.2,139
488840,2019-02-04,12:23:24,7.6,919.2,18.7,952.2,7.0,2.9,0.00,0.0,000000,98.1,229
488460,2019-02-04,12:23:24,7.6,991.6,18.6,1021.6,1.2,6.6,0.00,0.0,000000,60.9,109
485170,2019-02-04,12:23:24,19.4,1036.9,18.7,1012.5,11.5,2.3,0.00,0.0,000000,4.2,75
483530,2019-02-04,12:23:24,12.7,996.3,18.6,1012.8,6.4,1.7,0.02,0.0,010000,89.5,149
488550,2019-02-04,12:23:24,13.0,1012.6,17.5,1014.7,9.9,12.8,0.01,0.0,010000,52.0,234
489041,2019-02-04,12:23:24,12.7,1011.4,17.5,1010.9,19.9,15.1,0.00,0.0,000000,4.5,77
484075,2019-02-04,12:23:24,-18.8,988.2,18.6,1006.8,7.3,4.1,0.00,0.0,000000,47.3,42
484076,2019-02-04,12:23:24,6.9,972.9,20.3,950.2,6.2,4.6,0.00,0.0,000000,62.4,196
483520,2019-02-04,12:23:24,11.9,993.9,18.7,1013.8,8.0,1.6,0.05,0.0,010000,50.2,185
483800,2019-02-04,12:23:24,19.0,1002.7,21.3,1012.2,5.4,2.2,0.00,0.0,000000,12.1,96
489170,2019-02-04,12:23:24,16.9,1015.2,22.1,1012.5,20.8,6.9,0.00,0.0,000000,51.1,359
489140,2019-02-04,12:23:24,16.3,1009.3,19.1,1012.1,19.5,9.1,0.00,0.0,000000,35.2,201
488450,2019-02-04,12:23:24,8.4,1020.6,18.9,1021.7,19.5,0.5,0.00,0.0,000000,78.4,56
488510,2019-02-04,12:23:24,10.9,1018.8,19.0,1029.4,9.7,7.6,0.00,0.0,000000,36.8,29
488390,2019-02-04,12:23:24,5.8,1015.3,19.0,1018.8,9.7,26.5,0.02,0.0,010000,82.9,346
488490,2019-02-04,12:23:24,6.0,1018.7,19.1,1020.9,14.8,9.2,0.00,0.0,000000,62.2,107
489070,2019-02-04,12:23:24,15.3,1011.3,19.5,1011.5,17.1,11.6,0.00,0.0,000000,31.1,141
488030,2019-02-04,12:23:24,11.6,1010.8,19.3,1019.7,5.8,0.6,0.00,0.0,000000,7.5,102
488896,2019-02-04,12:23:24,10.8,1009.8,18.6,1003.7,17.2,15.9,0.00,0.0,000000,22.9,340
489400,2019-02-04,12:23:24,9.5,1004.1,19.6,1010.0,8.4,2.3,0.01,0.0,010000,50.4,110
489350,2019-02-04,12:23:24,5.5,980.5,17.4,1007.3,19.9,14.8,0.00,0.0,000000,34.7,40
484650,2019-02-04,12:23:24,20.5,1010.7,21.1,1011.1,5.4,11.4,0.21,0.0,010000,84.6,281
488635,2019-02-04,12:23:24,9.5,1016.5,19.3,1020.3,12.9,16.6,0.00,0.0,000000,78.3,147
484550,2019-02-04,12:23:24,16.7,1014.6,21.3,1011.5,8.2,2.6,0.03,0.0,010000,51.4,218
484620,2019-02-04,12:23:24,12.3,1020.0,19.4,1011.8,4.3,3.9,0.00,0.0,000000,4.8,322
485500,2019-02-04,12:23:24,19.1,1041.9,19.4,1010.6,7.9,11.3,0.00,0.0,000000,57.0,152
488260,2019-02-04,12:23:24,9.7,1009.1,19.4,1018.5,6.4,6.2,0.03,0.0,010000,50.9,65
489111,2019-02-04,12:23:24,12.5,1018.0,20.5,1013.4,14.4,16.8,0.00,0.0,000000,77.7,170
489105,2019-02-04,12:23:24,10.7,1012.3,16.5,1015.6,14.0,20.2,0.00,0.0,000000,99.9,110
488630,2019-02-04,12:23:24,13.6,1018.0,20.6,1002.7,12.0,21.6,0.00,0.0,000000,24.3,267
488480,2019-02-04,12:23:24,13.7,1020.1,19.3,1017.9,21.2,4.5,0.05,0.0,010000,51.2,339
489470,2019-02-04,12:23:24,10.5,998.0,21.2,1016.1,9.6,13.3,0.00,0.0,000000,54.6,77
489660,2019-02-04,12:23:24,13.4,1010.4,18.7,1003.5,7.7,9.0,0.00,0.0,000000,65.6,114
489480,2019-02-04,12:23:24,14.5,1039.2,21.6,1016.9,15.2,5.5,0.00,0.0,000000,76.3,133
484260,2019-02-04,12:23:24,17.7,994.7,19.5,1013.0,5.2,1.6,0.00,0.0,000000,76.0,200
488750,2019-02-04,12:23:24,13.8,951.7,16.3,1012.3,8.3,14.2,0.00,0.0,000000,21.8,308
488100,2019-02-04,12:23:24,8.4,1041.7,19.5,1024.8,12.7,4.1,0.00,0.0,000000,44.7,201
488815,2019-02-04,12:23:24,10.6,851.4,19.5,851.3,7.3,19.2,0.00,0.0,000000,82.5,323
488810,2019-02-04,12:23:24,6.0,907.3,19.5,948.2,21.4,13.2,0.00,0.0,000000,54.9,22
489125,2019-02-04,12:23:24,17.6,1010.9,19.5,1016.5,12.5,11.7,0.00,0.0,000000,90.0,20
489130,2019-02-04,12:23:24,12.8,1003.4,15.9,1014.9,17.7,11.8,0.00,0.0,000000,43.8,70
488700,2019-02-04,12:23:24,8.8,1014.3,19.3,1015.3,17.7,13.0,0.01,0.0,010000,52.0,283
488660,2019-02-04,12:23:24,9.1,934.2,19.3,983.8,17.6,20.4,0.00,0.0,000000,57.3,294
489180,2019-02-04,12:23:24,12.3,1013.1,17.4,1012.1,17.8,19.1,0.00,0.0,000000,28.4,97
488060,2019-02-04,12:23:24,11.0,934.9,17.1,1011.0,16.4,4.4,0.00,0.0,000000,12.6,17
483575,2019-02-04,12:23:24,13.8,1009.2,19.2,1005.7,7.3,6.0,0.00,0.0,000000,12.0,255
483570,2019-02-04,12:23:24,9.0,993.9,15.7,1001.5,9.5,11.7,0.00,0.0,000000,6.6,130
488676,2019-02-04,12:23:24,12.8,1014.8,19.0,1023.8,8.4,13.4,0.00,0.0,000000,14.7,3
488685,2019-02-04,12:23:24,6.9,1015.9,19.0,999.7,12.9,20.7,0.00,0.0,000000,86.3,180
483280,2019-02-04,12:23:24,9.3,1043.3,20.3,1009.4,2.6,2.3,0.00,0.0,000000,67.3,349
485690,2019-02-04,12:23:24,20.6,1012.7,19.1,1011.1,10.9,15.6,0.02,0.0,010000,52.0,172.9
485670,2019-02-04,12:23:24,21.9,1007.2,19.1,1009.1,7.1,18.5,0.00,0.0,000000,54.3,304
483545,2019-02-04,12:23:24,6.2,1011.2,21.8,1009.2,6.5,3.8,0.00,0.0,000000,86.2,22
483540,2019-02-04,12:23:24,11.3,1000.4,19.1,1009.4,4.2,7.3,0.00,0.0,000000,12.1,53
483790,2019-02-04,12:23:24,9.4,1032.0,20.0,1013.0,4.9,1.8,0.00,0.0,000000,65.7,51
483780,2019-02-04,12:23:24,16.9,1011.9,19.1,1011.0,6.0,1.6,0.00,0.0,000000,41.1,204
489015,2019-02-04,12:23:24,13.7,1007.4,22.3,1034.8,10.3,10.2,0.00,0.0,000000,48.6,37
483760,2019-02-04,12:23:24,15.8,1000.9,22.8,1014.0,2.4,0.5,0.00,0.0,000000,91.0,27
484610,2019-02-04,12:23:24,16.7,1004.8,20.2,1012.0,6.6,11.1,0.04,0.0,010000,65.5,302
484316,2019-02-04,12:23:24,11.7,1004.4,22.4,1020.2,11.3,2.2,0.00,0.0,000000,50.2,111
484310,2019-02-04,12:23:24,15.3,1002.9,19.4,1006.8,4.1,5.2,0.00,0.0,000000,61.8,47
484320,2019-02-04,12:23:24,13.4,1004.9,23.2,1012.3,12.2,3.4,0.00,0.0,000000,48.4,203
483750,2019-02-04,12:23:24,13.0,1010.8,23.3,1010.4,4.8,5.2,0.00,0.0,000000,51.7,212
483770,2019-02-04,12:23:24,6.5,1012.1,19.6,1011.2,5.5,10.0,0.00,0.0,000000,34.8,20
483000,2019-02-04,12:23:24,20.0,980.4,19.6,1013.0,7.6,3.7,0.00,0.0,000000,69.7,15
485800,2019-02-04,12:23:24,19.5,1009.2,19.6,1011.8,8.2,5.1,0.00,0.0,000000,37.8,356
488300,2019-02-04,12:23:24,1.1,994.6,19.7,1026.5,17.9,11.6,0.00,0.0,000000,40.7,41
484300,2019-02-04,12:23:24,16.9,1010.8,18.3,1004.3,12.4,1.9,0.19,0.0,010000,65.6,289
484600,2019-02-04,12:23:24,17.2,995.5,22.5,1012.1,11.0,0.1,0.00,0.0,000000,71.0,215
484590,2019-02-04,12:23:24,14.3,1015.8,20.7,1011.7,11.0,4.8,0.01,0.0,010000,50.1,38
484560,2019-02-04,12:23:24,18.4,1014.9,19.8,1010.9,6.4,10.3,0.01,0.0,1666.7,76.0,45
488260,2019-02-04,12:23:25,9.1,1009.2,19.9,1018.5,6.4,6.2,0.03,0.0,010000,50.9,65
489660,2019-02-04,12:23:25,13.4,1010.3,20.8,1003.1,7.7,8.9,0.00,0.0,000000,65.5,114
488676,2019-02-04,12:23:25,12.8,1006.3,18.3,1024.0,8.5,13.5,0.00,0.0,000000,14.6,3
488685,2019-02-04,12:23:25,7.9,1015.9,20.0,999.5,12.9,20.5,0.00,0.0,000000,86.2,180
485576,2019-02-04,12:23:25,13.2,1007.4,20.1,1014.8,5.9,11.1,0.00,0.0,000000,78.6,200
485577,2019-02-04,12:23:25,19.4,1006.6,20.2,991.5,11.7,26.0,0.00,0.0,000000,98.7,115
488490,2019-02-04,12:23:25,6.0,1018.7,20.3,1020.9,14.9,9.1,0.00,0.0,000000,62.2,107
488700,2019-02-04,12:23:25,8.2,1014.3,20.4,1015.3,17.7,13.1,0.01,0.0,010000,52.0,284
489111,2019-02-04,12:23:25,11.5,1018.3,22.3,1013.4,14.3,16.8,0.00,0.0,000000,77.7,169
489105,2019-02-04,12:23:25,10.7,1012.3,16.5,1015.5,13.9,20.2,0.00,0.0,000000,99.9,109
488520,2019-02-04,12:23:25,9.8,1015.8,20.4,1019.1,8.1,5.2,0.14,0.0,010000,53.4,82
488515,2019-02-04,12:23:25,8.0,1016.4,20.4,1052.2,8.0,17.8,0.00,0.0,000000,32.2,139
485170,2019-02-04,12:23:25,18.3,1036.9,21.8,1012.5,11.4,2.2,0.00,0.0,000000,4.2,75
489006,2019-02-04,12:23:25,12.3,995.7,20.5,1022.2,15.5,13.3,0.00,0.0,000000,34.3,64
489005,2019-02-04,12:23:25,9.7,1009.5,16.6,1005.8,13.0,5.0,0.00,0.0,000000,72.8,134
489000,2019-02-04,12:23:25,16.0,1011.9,21.1,1010.3,9.2,5.7,0.00,0.0,000000,68.0,333
484600,2019-02-04,12:23:25,17.2,995.6,22.5,1012.1,11.1,0.0,0.00,0.0,000000,71.1,215
484590,2019-02-04,12:23:25,13.2,1015.8,20.3,1011.7,11.1,4.7,0.01,0.0,010000,50.2,38
484560,2019-02-04,12:23:25,12.8,1014.9,24.2,1010.9,6.4,10.2,0.01,0.0,010000,76.1,45
489015,2019-02-04,12:23:25,15.1,1007.4,22.3,1034.8,10.4,10.3,0.00,0.0,000000,48.6,38
484075,2019-02-04,12:23:25,-18.8,988.2,24.0,1006.8,7.3,4.2,0.00,0.0,000000,47.3,41
484076,2019-02-04,12:23:25,8.4,972.9,20.4,950.3,6.2,4.6,0.00,0.0,000000,62.5,197
488030,2019-02-04,12:23:25,11.6,1010.8,20.5,1019.7,5.9,0.6,0.00,0.0,000000,7.5,102
488896,2019-02-04,12:23:25,9.8,1009.8,18.6,1003.7,17.2,15.7,0.00,0.0,000000,22.9,340
488910,2019-02-04,12:23:25,15.8,1007.7,22.6,1025.0,12.2,9.0,0.00,0.0,000000,94.1,50
488915,2019-02-04,12:23:25,14.8,1009.9,19.0,995.3,13.4,12.8,0.00,0.0,000000,8.9,49
488926,2019-02-04,12:23:25,10.3,1007.4,19.9,1034.5,9.1,4.7,0.00,0.0,000000,6.6,176
488100,2019-02-04,12:23:25,9.7,1041.7,20.6,1024.8,12.6,4.1,0.00,0.0,000000,54.8,201
483750,2019-02-04,12:23:25,14.7,1010.8,23.3,1010.4,4.7,5.3,0.00,0.0,000000,51.8,212
483770,2019-02-04,12:23:25,6.5,1012.4,21.9,1011.2,5.4,10.0,0.00,0.0,000000,34.8,20
484300,2019-02-04,12:23:25,17.3,1010.8,20.7,1011.5,12.4,1.9,0.19,0.0,010000,65.6,290
489400,2019-02-04,12:23:25,10.7,1004.2,19.6,1010.0,8.3,2.3,0.01,0.0,010000,50.5,110
489350,2019-02-04,12:23:25,5.5,980.4,20.6,1007.3,19.8,14.7,0.00,0.0,000000,34.8,39
489070,2019-02-04,12:23:25,15.3,1011.3,19.5,1011.5,17.1,11.5,0.00,0.0,000000,31.1,140
484620,2019-02-04,12:23:25,12.3,1019.9,20.8,1011.8,4.3,3.9,0.00,0.0,000000,4.8,322
483545,2019-02-04,12:23:25,7.7,1010.9,21.8,1009.2,6.6,3.9,0.00,0.0,000000,86.2,22
483540,2019-02-04,12:23:25,11.3,1000.5,19.1,1009.4,4.2,7.3,0.00,0.0,000000,12.1,138.1
489180,2019-02-04,12:23:25,12.7,1013.1,17.4,1012.1,17.8,19.0,0.00,0.0,000000,28.4,96
489100,2019-02-04,12:23:25,15.2,1011.1,21.4,1017.7,9.2,9.3,0.00,0.0,000000,28.7,169
488460,2019-02-04,12:23:25,7.8,991.5,20.6,1021.6,1.1,6.6,0.00,0.0,000000,60.9,110
484650,2019-02-04,12:23:26,20.4,1010.7,21.1,1011.1,5.4,11.4,0.21,0.0,010000,84.6,281
484620,2019-02-04,12:23:26,13.6,1020.0,23.1,1012.9,4.4,3.9,0.00,0.0,000000,4.8,322
484550,2019-02-04,12:23:26,17.6,1014.6,21.3,1011.5,8.2,2.5,0.03,0.0,010000,51.4,218
488840,2019-02-04,12:23:26,8.8,919.2,20.8,952.2,7.1,3.1,0.00,0.0,000000,98.0,228
489015,2019-02-04,12:23:26,13.7,1007.4,20.5,1034.8,10.3,10.2,0.00,0.0,000000,48.6,38
483760,2019-02-04,12:23:26,15.8,1000.9,22.7,1014.0,2.5,0.5,0.00,0.0,000000,91.0,27
489100,2019-02-04,12:23:26,16.0,1011.1,21.3,1017.7,9.1,9.4,0.00,0.0,000000,28.7,170
485800,2019-02-04,12:23:26,19.5,1009.2,23.8,1011.8,8.3,5.1,0.00,0.0,000000,37.8,356
488030,2019-02-04,12:23:26,11.6,1010.7,21.1,1019.7,5.9,0.6,0.00,0.0,000000,7.5,102
488896,2019-02-04,12:23:26,9.8,1009.8,18.6,1003.7,17.1,15.6,0.00,0.0,000000,22.9,341
488635,2019-02-04,12:23:26,8.9,1016.5,20.9,1020.3,12.9,16.6,0.00,0.0,000000,78.2,147
489480,2019-02-04,12:23:26,14.5,1039.2,19.7,1016.9,15.3,5.6,0.00,0.0,000000,76.3,133
483030,2019-02-04,12:23:26,13.3,1013.9,18.9,1012.0,7.6,2.4,0.00,0.0,000000,40.6,37
488815,2019-02-04,12:23:26,10.6,851.4,20.7,851.3,7.1,19.3,0.00,0.0,1333.3,82.5,322
488810,2019-02-04,12:23:26,6.0,907.3,20.8,948.2,21.5,13.2,0.00,0.0,000000,54.9,22
488480,2019-02-04,12:23:26,13.1,1020.1,20.7,1017.9,21.1,4.4,0.05,0.0,010000,51.2,339
488676,2019-02-04,12:23:26,12.8,1014.8,19.5,1024.2,8.4,13.6,0.00,0.0,000000,14.7,3
488685,2019-02-04,12:23:26,6.9,1015.9,20.8,999.7,13.0,20.7,0.00,0.0,000000,86.2,180
484316,2019-02-04,12:23:26,11.7,1004.4,22.4,1020.2,11.3,8.5,0.00,0.0,000000,50.2,112
484310,2019-02-04,12:23:26,15.3,1002.9,24.7,1006.7,4.0,5.2,0.00,0.0,000000,61.8,47
484320,2019-02-04,12:23:26,14.7,1004.8,23.2,1012.3,12.2,3.3,0.00,0.0,000000,48.5,203
488550,2019-02-04,12:23:26,13.0,1012.6,20.9,1014.7,9.9,12.9,0.01,0.0,010000,52.0,234
489470,2019-02-04,12:23:26,9.0,998.0,19.5,1016.2,9.6,13.1,0.00,0.0,000000,54.6,78
489070,2019-02-04,12:23:26,15.3,1011.3,21.4,1011.5,17.1,11.6,0.00,0.0,1377.8,31.1,141
484260,2019-02-04,12:23:26,18.9,995.4,21.0,1013.0,5.3,1.6,0.00,0.0,000000,76.0,200
488260,2019-02-04,12:23:26,9.7,1009.2,21.0,1018.5,6.3,6.2,0.03,0.0,010000,50.9,65
489006,2019-02-04,12:23:26,11.2,995.7,21.0,1022.2,15.5,13.1,0.00,0.0,000000,34.3,64
489005,2019-02-04,12:23:26,8.5,1009.5,19.0,1005.8,13.1,4.9,0.00,0.0,000000,72.9,134
489000,2019-02-04,12:23:26,14.8,1011.9,21.1,1010.3,9.2,5.8,0.00,0.0,000000,68.0,333
488490,2019-02-04,12:23:26,6.0,1018.7,21.1,1020.9,15.0,9.1,0.00,0.0,000000,62.2,107
488520,2019-02-04,12:23:26,9.8,1015.8,21.1,1019.2,8.1,5.3,0.14,0.0,010000,53.4,82
488515,2019-02-04,12:23:26,8.9,1016.3,21.1,1051.9,8.0,17.9,0.00,0.0,000000,32.1,140
489180,2019-02-04,12:23:26,12.3,1013.1,17.4,1012.1,17.8,19.1,0.00,0.0,000000,28.4,96
489070,2019-02-04,12:23:27,15.3,1011.3,21.4,1011.5,17.0,11.7,0.00,0.0,000000,31.1,140
489041,2019-02-04,12:23:27,12.7,1011.4,20.9,1010.9,19.9,15.0,0.00,0.0,000000,4.5,77
483030,2019-02-04,12:23:27,13.3,1013.8,18.9,1012.0,7.6,2.4,0.00,0.0,000000,40.7,37
488960,2019-02-04,12:23:27,9.7,1022.0,17.5,1013.1,21.2,8.0,0.00,0.0,000000,31.7,333
488962,2019-02-04,12:23:27,11.4,1011.2,19.4,1011.2,20.7,5.7,0.00,0.0,000000,76.6,84
485000,2019-02-04,12:23:27,17.5,1014.9,20.5,1011.9,9.1,8.4,0.05,0.0,010000,82.5,258
484075,2019-02-04,12:23:27,-18.9,988.4,22.7,1006.8,7.3,4.1,0.00,0.0,000000,47.3,41
484076,2019-02-04,12:23:27,8.4,972.9,20.3,950.3,6.2,4.6,0.00,0.0,000000,62.4,197
484650,2019-02-04,12:23:27,20.4,1010.7,22.8,1011.1,5.4,11.3,0.21,0.0,010000,84.7,282
483750,2019-02-04,12:23:27,13.0,1010.8,23.3,1010.4,4.9,5.3,0.00,0.0,000000,51.8,212
483770,2019-02-04,12:23:27,5.0,1012.4,24.6,1011.2,5.4,9.9,0.00,0.0,000000,34.8,152.1
488730,2019-02-04,12:23:27,11.2,1013.9,21.0,1016.2,13.3,12.4,0.00,0.0,000000,60.3,209
484750,2019-02-04,12:23:27,15.7,1009.5,22.7,1011.7,9.0,5.8,0.01,0.0,010000,52.0,87
485320,2019-02-04,12:23:27,15.4,1008.4,22.6,1009.5,10.4,11.3,0.00,0.0,000000,58.7,315
483032,2019-02-04,12:23:27,16.6,1018.1,19.7,995.8,9.3,6.9,0.00,0.0,000000,63.6,314
483760,2019-02-04,12:23:27,15.8,1001.2,22.7,1014.0,2.4,0.5,0.00,0.0,000000,91.0,27
483790,2019-02-04,12:23:27,9.4,1032.1,21.2,1013.0,4.8,1.9,0.00,0.0,000000,65.7,51
483780,2019-02-04,12:23:27,16.9,1011.7,24.3,1011.0,5.9,1.7,0.00,0.0,000000,41.1,203
483545,2019-02-04,12:23:27,7.7,1011.5,21.8,1009.2,6.5,4.0,0.00,0.0,000000,86.1,22
483540,2019-02-04,12:23:27,12.6,1000.5,21.1,1009.4,4.2,7.3,0.00,0.0,000000,12.2,53
488450,2019-02-04,12:23:27,7.5,1020.6,21.0,1021.8,19.5,0.5,0.00,0.0,000000,78.3,57
488510,2019-02-04,12:23:27,10.9,1018.8,21.0,1029.4,9.7,7.3,0.00,0.0,000000,36.7,29
488635,2019-02-04,12:23:27,9.5,1016.5,21.1,1020.4,12.9,16.7,0.00,0.0,000000,78.2,147
488260,2019-02-04,12:23:27,9.1,1009.3,21.2,1018.4,6.4,6.3,0.03,0.0,010000,50.9,66
489125,2019-02-04,12:23:27,16.9,1010.9,23.2,1016.1,12.4,11.7,0.00,0.0,000000,90.0,19
489130,2019-02-04,12:23:27,11.8,1012.4,21.2,1014.9,17.8,11.7,0.00,0.0,000000,43.8,71
489480,2019-02-04,12:23:27,14.5,1039.6,19.7,1016.9,15.4,5.5,0.00,0.0,000000,76.3,133
488750,2019-02-04,12:23:27,14.4,951.7,21.2,1012.3,8.4,14.1,0.00,0.0,000000,21.8,308
489400,2019-02-04,12:23:27,10.7,1004.2,17.6,1010.0,8.3,2.3,0.0,0.0,010000,50.5,111
489350,2019-02-04,12:23:27,5.5,980.4,21.2,1007.3,19.7,14.7,0.00,0.0,000000,34.8,39
488030,2019-02-04,12:23:27,11.9,1010.8,21.1,1011.6,5.9,0.7,0.00,0.0,000000,7.4,102
488896,2019-02-04,12:23:27,10.8,1009.8,20.2,1003.7,17.2,15.7,0.00,0.0,000000,22.8,340
489100,2019-02-04,12:23:27,15.2,1011.1,19.7,1017.7,9.2,9.3,0.00,0.0,000000,28.8,169
484550,2019-02-04,12:23:27,17.6,1014.6,23.5,1011.5,8.2,2.4,0.03,0.0,010000,51.5,219
485320,2019-02-04,12:23:28,14.3,1008.4,22.6,1009.5,10.3,11.4,0.00,0.0,000000,58.7,315
488300,2019-02-04,12:23:28,0.5,994.6,21.6,1026.5,17.9,11.5,0.00,0.0,000000,40.8,41
483280,2019-02-04,12:23:28,11.6,1043.3,20.3,1009.4,2.5,2.3,0.00,0.0,000000,67.3,349
485500,2019-02-04,12:23:28,19.1,1042.0,24.3,1010.6,7.9,10.9,0.00,0.0,000000,56.8,152
484750,2019-02-04,12:23:28,15.7,1009.5,22.7,1011.7,8.9,5.8,0.01,0.0,010000,52.0,87
489140,2019-02-04,12:23:28,15.4,1009.3,19.1,1012.1,19.6,9.0,0.00,0.0,000000,35.2,201
488390,2019-02-04,12:23:28,5.8,1015.3,21.5,1018.8,9.6,26.5,0.02,0.0,1666.7,82.9,346
489180,2019-02-04,12:23:28,12.3,1013.1,21.4,1012.1,17.8,19.1,0.00,0.0,000000,28.3,96
488635,2019-02-04,12:23:28,9.5,1016.5,21.4,1020.3,13.0,16.8,0.00,0.0,000000,78.2,147
488480,2019-02-04,12:23:28,13.7,1020.1,21.4,1017.9,21.2,4.4,0.05,0.0,010000,51.1,339
488550,2019-02-04,12:23:28,13.0,1012.6,21.3,1014.7,9.9,12.9,0.01,0.0,010000,51.9,235
485000,2019-02-04,12:23:28,17.5,1014.8,23.3,1011.9,9.1,8.5,0.05,0.0,010000,82.5,259
484260,2019-02-04,12:23:28,18.9,995.4,25.0,1013.0,5.3,1.6,0.00,0.0,000000,76.0,200
488520,2019-02-04,12:23:28,9.8,1015.8,21.5,1019.1,8.1,5.2,0.14,0.0,010000,53.4,82
488515,2019-02-04,12:23:28,8.0,1016.4,21.4,1051.9,8.0,18.1,0.00,0.0,000000,32.1,140
488730,2019-02-04,12:23:28,10.7,1013.9,21.4,1016.2,13.2,12.5,0.00,0.0,000000,60.3,209
488676,2019-02-04,12:23:28,12.8,1014.8,18.3,1023.8,8.3,13.6,0.00,0.0,000000,14.7,3
488685,2019-02-04,12:23:28,6.9,1015.9,21.4,1000.1,13.1,20.7,0.00,0.0,000000,86.3,180
483790,2019-02-04,12:23:28,11.0,1032.1,22.4,1013.0,4.9,1.9,0.00,0.0,000000,65.7,51
483780,2019-02-04,12:23:28,11.9,1011.7,24.3,1011.0,5.9,1.7,0.00,0.0,000000,41.1,203
484316,2019-02-04,12:23:28,11.7,1004.4,20.0,1020.0,11.3,2.1,0.00,0.0,000000,50.2,111
484310,2019-02-04,12:23:28,15.3,1002.9,24.7,1006.8,3.9,5.1,0.00,0.0,000000,61.7,47
484320,2019-02-04,12:23:28,14.7,1004.8,23.2,1012.3,12.1,3.2,0.00,0.0,000000,48.5,203
485800,2019-02-04,12:23:28,18.5,1009.2,23.8,1011.8,8.2,5.1,0.00,0.0,000000,37.8,356
488600,2019-02-04,12:23:28,11.7,1014.1,21.8,1014.6,15.7,5.8,0.00,0.0,000000,9.7,168
485576,2019-02-04,12:23:28,14.3,1007.5,21.9,1014.7,5.8,11.2,0.00,0.0,000000,78.6,201
485577,2019-02-04,12:23:28,19.4,1006.8,25.6,991.6,11.8,26.1,0.00,0.0,000000,98.7,116
488815,2019-02-04,12:23:28,10.6,851.4,22.1,851.3,7.3,19.3,0.00,0.0,000000,82.5,323
488810,2019-02-04,12:23:28,6.0,907.3,22.2,948.2,21.5,13.2,0.00,0.0,000000,54.9,22
489015,2019-02-04,12:23:28,15.1,1007.4,22.3,1034.8,10.3,10.2,0.00,0.0,000000,48.6,37
488640,2019-02-04,12:23:28,8.1,1015.4,22.1,1016.7,10.7,14.6,0.00,0.0,000000,47.1,136
488695,2019-02-04,12:23:28,9.1,954.7,22.1,973.6,9.0,10.4,0.00,0.0,000000,50.3,125
489480,2019-02-04,12:23:28,14.5,1039.2,21.6,1016.9,15.5,5.5,0.00,0.0,000000,76.3,133
483800,2019-02-04,12:23:28,19.5,1002.7,22.2,1012.2,5.5,2.2,0.00,0.0,000000,12.1,96
488100,2019-02-04,12:23:28,8.4,1041.7,22.1,1024.8,12.3,4.1,0.00,0.0,000000,44.7,200
484260,2019-02-04,12:23:29,17.7,995.8,22.1,1013.0,5.2,1.7,0.00,0.0,000000,76.0,200
488640,2019-02-04,12:23:29,8.1,1015.5,22.2,1016.7,10.7,14.7,0.00,0.0,000000,47.2,136
488695,2019-02-04,12:23:29,9.1,954.7,22.2,973.6,9.1,19.1,0.00,0.0,000000,50.4,126
489111,2019-02-04,12:23:29,11.5,1018.8,22.2,1013.4,14.3,16.8,0.00,0.0,000000,77.9,169
489105,2019-02-04,12:23:29,9.8,1012.3,19.0,1015.5,13.9,20.2,0.00,0.0,000000,99.9,109
485800,2019-02-04,12:23:29,18.5,1009.3,22.0,1011.8,8.2,5.1,0.00,0.0,000000,37.9,356
483750,2019-02-04,12:23:29,13.0,1010.9,21.0,1010.4,5.0,5.4,0.00,0.0,000000,51.8,212
483770,2019-02-04,12:23:29,6.5,1012.4,24.6,1011.2,5.4,9.9,0.00,0.0,000000,34.8,20
484300,2019-02-04,12:23:29,17.3,1010.8,22.1,1011.5,9.8,2.0,0.19,0.0,010000,65.5,290
488840,2019-02-04,12:23:29,7.6,919.2,22.1,952.2,7.3,3.0,0.00,0.0,000000,98.1,227
483760,2019-02-04,12:23:29,14.1,1000.7,22.2,1014.0,2.5,0.5,0.00,0.0,000000,91.0,28
489180,2019-02-04,12:23:29,12.3,1013.1,22.2,1012.1,17.7,19.0,0.00,0.0,000000,28.3,96
484075,2019-02-04,12:23:29,-20.1,988.4,24.0,1006.8,7.3,4.1,0.00,0.0,000000,47.2,41
484076,2019-02-04,12:23:29,6.9,972.9,18.2,950.3,6.2,4.6,0.00,0.0,000000,62.4,196
483830,2019-02-04,12:23:29,9.8,1042.0,22.3,1017.7,12.0,9.2,0.00,0.0,000000,68.4,8
484620,2019-02-04,12:23:29,13.5,1020.1,23.1,1011.8,4.3,3.8,0.0,0.0,000000,4.8,322
488520,2019-02-04,12:23:29,10.4,1015.8,22.3,1019.1,8.1,5.1,0.14,0.0,010000,53.4,83
488515,2019-02-04,12:23:29,8.9,1016.4,22.2,1051.6,8.0,18.0,0.00,0.0,000000,32.2,139
489015,2019-02-04,12:23:29,15.1,1007.4,20.5,1034.8,10.4,10.2,0.00,0.0,000000,48.7,37
485650,2019-02-04,12:23:29,18.5,1009.0,22.1,1009.7,9.6,6.9,0.08,0.0,010000,50.0,118
485660,2019-02-04,12:23:29,18.9,1018.6,25.4,1010.4,12.1,4.9,0.00,0.0,000000,85.6,138
485640,2019-02-04,12:23:29,18.3,985.9,26.4,1005.3,8.8,1.6,0.31,0.0,010000,75.8,330
483575,2019-02-04,12:23:29,12.2,1008.2,24.2,1005.7,7.4,9.5,0.00,0.0,000000,11.9,254
483570,2019-02-04,12:23:29,7.6,993.9,22.3,1001.8,9.5,11.4,0.00,0.0,000000,6.5,130
488525,2019-02-04,12:23:29,8.3,1017.7,22.3,1029.3,3.4,16.2,0.00,0.0,000000,62.5,218
488526,2019-02-04,12:23:29,11.4,1016.1,22.2,991.6,7.5,7.1,0.00,0.0,000000,20.5,87
488630,2019-02-04,12:23:29,13.6,1018.0,19.2,1002.8,11.8,21.6,0.00,0.0,000000,24.1,267
485690,2019-02-04,12:23:29,20.5,1012.7,25.5,1011.1,10.7,15.5,0.02,0.0,010000,52.0,121
485670,2019-02-04,12:23:29,20.7,1007.2,22.3,1009.1,7.2,18.4,0.00,0.0,000000,54.3,304
488100,2019-02-04,12:23:29,8.4,1041.7,22.4,1024.9,12.3,4.1,0.00,0.0,000000,44.6,200
483000,2019-02-04,12:23:29,21.5,980.4,22.4,1013.0,7.6,3.5,0.00,0.0,000000,69.8,15
488480,2019-02-04,12:23:29,13.7,1020.1,22.4,1017.9,21.1,4.3,0.05,0.0,010000,51.1,339
488700,2019-02-04,12:23:29,8.2,1014.3,22.4,1015.3,17.9,13.2,0.01,0.0,010000,52.1,284
489100,2019-02-04,12:23:29,16.0,1011.1,21.3,1017.7,9.2,9.3,0.00,0.0,000000,28.8,169
484600,2019-02-04,12:23:29,17.2,995.6,22.5,1012.1,11.0,0.0,0.00,0.0,000000,71.2,215
484590,2019-02-04,12:23:29,14.3,1015.8,23.0,1011.7,11.1,4.9,0.01,0.0,010000,50.1,37
484560,2019-02-04,12:23:29,19.4,1014.8,22.5,1010.9,6.5,10.5,0.01,0.0,010000,76.0,44
488750,2019-02-04,12:23:29,13.8,951.7,22.5,1012.3,8.6,14.1,0.00,0.0,000000,21.8,308
489400,2019-02-04,12:23:29,10.7,1004.2,22.6,1010.0,8.3,2.3,0.01,0.0,010000,50.5,111
489350,2019-02-04,12:23:29,3.5,980.4,22.5,1007.3,19.5,14.6,0.00,0.0,000000,34.8,39
489470,2019-02-04,12:23:29,10.5,998.0,21.2,1016.1,9.5,13.4,0.00,0.0,000000,54.5,78
489170,2019-02-04,12:23:29,17.8,1015.1,22.1,1012.5,10.2,6.8,0.00,0.0,000000,50.9,359
484600,2019-02-04,12:23:30,17.7,995.6,22.5,1012.1,11.0,0.0,0.00,0.0,000000,71.2,216
484590,2019-02-04,12:23:30,13.2,1015.9,20.7,1011.7,11.1,4.9,0.01,0.0,010000,50.1,37
484560,2019-02-04,12:23:30,19.4,1014.8,22.5,1010.9,6.5,10.6,0.01,0.0,010000,76.0,44
488910,2019-02-04,12:23:30,14.8,1007.7,22.6,1024.8,12.2,9.1,0.00,0.0,000000,94.1,51
488915,2019-02-04,12:23:30,14.8,1009.9,19.0,995.4,13.2,12.7,0.00,0.0,000000,9.0,49
488926,2019-02-04,12:23:30,12.0,1007.4,19.9,1034.9,8.9,4.7,0.00,0.0,000000,6.6,175
483790,2019-02-04,12:23:30,9.4,1032.1,20.0,1013.0,4.8,1.9,0.00,0.0,000000,65.7,51
483780,2019-02-04,12:23:30,16.8,1011.7,24.3,1011.0,5.8,1.7,0.00,0.0,000000,41.2,202
489070,2019-02-04,12:23:30,14.2,1011.2,21.4,1011.5,16.9,11.6,0.00,0.0,000000,31.2,140
488960,2019-02-04,12:23:30,8.3,1022.2,22.2,1013.1,21.1,7.8,0.00,0.0,000000,31.7,334
488962,2019-02-04,12:23:30,10.1,1011.2,19.4,1011.1,20.6,5.9,0.00,0.0,000000,76.7,83
483545,2019-02-04,12:23:30,7.7,1011.8,21.7,1009.2,6.5,3.9,0.00,0.0,000000,86.1,21
483540,2019-02-04,12:23:30,11.3,1000.4,21.0,1009.4,4.3,7.2,0.00,0.0,2666.7,12.1,53
489180,2019-02-04,12:23:30,12.3,1013.1,21.9,1012.1,17.7,19.0,0.00,0.0,000000,28.3,96
484610,2019-02-04,12:23:30,16.7,1004.8,22.5,1012.0,6.5,11.1,0.04,0.0,010000,65.5,302
488730,2019-02-04,12:23:30,11.2,1013.9,22.0,1016.2,13.1,12.3,0.00,0.0,000000,60.4,209
489006,2019-02-04,12:23:30,11.2,995.6,17.7,1022.2,15.6,13.1,0.00,0.0,000000,34.2,65
489005,2019-02-04,12:23:30,8.5,1009.5,19.0,1005.7,13.2,4.7,0.00,0.0,000000,72.8,133
489000,2019-02-04,12:23:30,14.8,1011.9,21.1,1010.3,9.2,5.8,0.00,0.0,000000,68.0,332
485576,2019-02-04,12:23:30,14.3,1007.5,24.9,1014.7,5.7,11.1,0.00,0.0,000000,78.7,201
485577,2019-02-04,12:23:30,19.4,1006.5,24.3,991.6,11.7,26.2,0.00,0.0,000000,98.7,116
488840,2019-02-04,12:23:30,8.8,919.2,21.7,952.2,7.3,2.9,0.00,0.0,000000,98.1,227
489170,2019-02-04,12:23:30,16.9,1015.1,23.6,1012.5,20.8,6.9,0.00,0.0,000000,50.9,359
488490,2019-02-04,12:23:30,5.6,1018.7,21.7,1020.9,15.1,9.1,0.00,0.0,000000,62.3,107
483030,2019-02-04,12:23:30,11.6,1013.7,21.0,1012.0,7.6,2.5,0.00,0.0,000000,40.7,37
483032,2019-02-04,12:23:30,16.2,1017.9,19.7,995.9,9.2,6.8,0.00,0.0,000000,54.1,314
488635,2019-02-04,12:23:30,8.9,1016.5,21.6,1020.3,13.0,16.8,0.00,0.0,000000,78.2,147
488815,2019-02-04,12:23:30,10.6,851.4,21.5,851.1,7.3,19.2,0.00,0.0,000000,82.5,322
488810,2019-02-04,12:23:30,6.0,907.3,21.5,948.2,21.5,13.2,0.00,0.0,000000,54.8,22
483760,2019-02-04,12:23:30,14.1,1000.9,25.2,1014.0,2.5,0.5,0.00,0.0,000000,91.0,28
483520,2019-02-04,12:23:30,11.2,993.9,21.6,1013.8,8.2,1.6,0.05,0.0,010000,50.3,185
488060,2019-02-04,12:23:30,10.9,934.9,21.6,1011.0,16.3,4.3,0.00,0.0,000000,12.6,17
749313,2019-02-04,12:23:30,5.1,945.4,21.6,929.1,7.3,3.6,0.00,0.0,000000,4.1,199
485576,2019-02-04,12:23:31,15.0,1007.6,21.6,1014.8,5.7,11.0,0.00,0.0,000000,78.7,201
485577,2019-02-04,12:23:31,19.1,1006.6,25.6,991.6,11.7,26.3,0.00,0.0,000000,98.7,116
749313,2019-02-04,12:23:31,5.1,945.4,21.8,999.5,7.3,3.6,0.00,0.0,000000,4.0,199
483830,2019-02-04,12:23:31,9.8,1042.2,21.8,1017.7,11.9,9.2,0.00,0.0,000000,68.4,8
483800,2019-02-04,12:23:31,19.0,1002.7,21.3,1012.2,5.3,2.2,0.00,0.0,000000,12.2,95
488060,2019-02-04,12:23:31,10.9,934.9,19.0,1011.0,16.2,4.3,0.00,0.0,000000,12.7,18
488390,2019-02-04,12:23:31,5.8,1015.3,21.7,1018.8,9.8,26.7,0.02,0.0,010000,82.9,345
483030,2019-02-04,12:23:31,11.6,1013.7,21.0,1012.0,7.6,2.5,0.00,0.0,000000,40.7,37
485170,2019-02-04,12:23:31,19.4,1036.9,21.7,1012.5,11.4,2.7,0.00,0.0,000000,4.2,74
489006,2019-02-04,12:23:31,11.2,995.6,17.7,1022.2,15.6,13.0,0.00,0.0,000000,34.2,65
489005,2019-02-04,12:23:31,8.5,1009.5,21.6,1005.6,13.2,4.6,0.00,0.0,000000,72.8,133
489000,2019-02-04,12:23:31,14.8,1011.9,21.1,1010.3,9.3,5.7,0.00,0.0,000000,68.0,332
488630,2019-02-04,12:23:31,14.4,1018.0,20.5,1002.8,11.8,21.7,0.00,0.0,000000,24.2,267
483520,2019-02-04,12:23:31,11.9,993.9,21.5,1013.8,8.1,1.6,0.05,0.0,010000,50.3,185
489140,2019-02-04,12:23:31,15.4,1009.3,19.1,1012.1,19.5,9.0,0.00,0.0,000000,35.1,201
489400,2019-02-04,12:23:31,9.5,1004.2,19.6,1010.0,8.4,2.3,0.01,0.0,010000,50.5,110
489350,2019-02-04,12:23:31,5.5,980.2,21.6,1007.3,19.7,14.6,0.00,0.0,000000,34.8,39
484316,2019-02-04,12:23:31,12.7,1004.4,22.3,1020.1,11.4,2.1,0.00,0.0,000000,50.2,112
484310,2019-02-04,12:23:31,15.3,1002.8,23.1,1006.8,3.8,5.2,0.00,0.0,000000,61.7,47
484320,2019-02-04,12:23:31,14.7,1004.5,23.2,1012.3,12.0,3.3,0.00,0.0,000000,48.4,203
488490,2019-02-04,12:23:31,5.6,1018.7,21.4,1020.8,15.2,9.0,0.00,0.0,000000,62.3,106
484650,2019-02-04,12:23:31,20.0,1010.7,22.8,1011.1,5.4,11.3,0.21,0.0,010000,84.5,281
488635,2019-02-04,12:23:31,8.9,1016.5,21.3,1020.4,12.9,17.0,0.00,0.0,000000,78.2,148
483000,2019-02-04,12:23:31,21.5,980.4,21.3,1013.0,7.6,3.6,0.00,0.0,000000,69.9,14
488550,2019-02-04,12:23:31,13.6,1012.6,17.5,1014.7,10.1,12.9,0.01,0.0,010000,51.9,235
488525,2019-02-04,12:23:31,8.7,1017.7,21.4,1029.3,3.4,16.0,0.00,0.0,000000,62.6,218
488526,2019-02-04,12:23:31,11.4,1016.1,21.4,991.4,7.6,7.1,0.00,0.0,000000,20.5,87
489180,2019-02-04,12:23:31,12.3,1013.1,17.4,1012.1,17.6,18.9,0.00,0.0,000000,28.3,96
485320,2019-02-04,12:23:31,15.4,1008.4,25.1,1009.5,10.4,11.3,0.00,0.0,000000,58.8,314
488910,2019-02-04,12:23:31,15.8,1007.8,22.6,1024.5,12.2,9.1,0.00,0.0,000000,94.1,50
488915,2019-02-04,12:23:31,15.8,1009.9,19.0,995.3,13.1,12.8,0.00,0.0,000000,9.1,49
488926,2019-02-04,12:23:31,10.3,1007.4,19.9,1034.8,8.8,4.8,0.00,0.0,000000,6.6,175
488840,2019-02-04,12:23:31,8.8,919.2,21.0,952.2,7.3,3.0,0.00,0.0,000000,98.1,228
488676,2019-02-04,12:23:31,12.0,1014.8,18.3,1023.3,8.3,13.5,0.00,0.0,000000,14.7,4
488685,2019-02-04,12:23:31,7.9,1015.9,20.9,999.9,13.0,20.5,0.00,0.0,000000,86.2,179
483790,2019-02-04,12:23:31,11.0,1032.1,22.4,1013.0,4.7,2.0,0.00,0.0,000000,65.7,51
483780,2019-02-04,12:23:31,16.8,1011.7,21.0,1011.0,5.8,1.7,0.00,0.0,000000,41.1,202
484300,2019-02-04,12:45:56,14.4,1010.8,16.9,1011.6,10.1,0.8,0.19,0.0,010000,64.2,263
484500,2019-02-04,12:45:56,15.4,997.8,22.5,1008.2,7.3,5.6,0.00,0.0,000000,67.3,81
489660,2019-02-04,12:45:56,8.7,1017.1,17.0,1002.0,5.6,5.4,0.00,0.0,000000,65.9,122
483760,2019-02-04,12:45:56,9.8,1007.3,18.5,1014.2,0.6,0.1,0.00,0.0,000000,87.9,31
485010,2019-02-04,12:45:56,18.1,1010.6,6.3,1011.1,7.0,3.7,0.60,0.0,010000,50.6,266
484780,2019-02-04,12:45:56,13.5,1011.4,18.7,1011.1,7.0,9.0,0.13,0.0,010000,50.9,21
483575,2019-02-04,12:45:56,9.8,1008.4,17.9,1005.7,7.7,5.2,0.00,0.0,000000,12.8,265
483570,2019-02-04,12:45:56,5.3,993.8,14.0,1006.2,11.4,13.4,0.00,0.0,000000,4.9,107
483520,2019-02-04,12:45:56,8.8,994.5,11.6,1013.8,7.3,1.7,0.05,0.0,010000,50.2,175
483280,2019-02-04,12:45:56,5.2,1047.2,18.5,1009.3,0.5,1.8,0.00,0.0,000000,67.4,352
484075,2019-02-04,12:45:56,-21.3,985.8,7.1,1006.8,5.9,4.1,0.00,0.0,000000,46.4,40
484076,2019-02-04,12:45:56,3.2,973.0,14.5,949.7,4.0,4.6,0.00,0.0,000000,62.7,210
488815,2019-02-04,12:45:56,7.9,851.4,12.1,847.3,10.2,18.1,0.00,0.0,000000,83.1,310
488810,2019-02-04,12:45:56,2.3,907.5,8.8,947.9,19.6,18.3,0.00,0.0,000000,55.1,14
485680,2019-02-04,12:45:56,15.4,1012.0,19.5,1011.7,11.0,23.0,0.09,0.0,010000,50.3,119
488525,2019-02-04,12:45:56,6.8,1017.4,3.5,1043.6,5.4,16.8,0.00,0.0,000000,61.8,215
488526,2019-02-04,12:45:56,9.1,1016.0,14.8,990.7,10.9,8.1,0.00,0.0,000000,20.2,82
483545,2019-02-04,12:45:56,4.4,1006.4,20.3,1009.2,6.5,3.5,0.00,0.0,000000,87.9,12
483540,2019-02-04,12:45:56,9.2,998.1,15.7,1009.2,2.6,6.3,0.00,0.0,000000,13.1,47
489470,2019-02-04,12:45:56,7.4,997.7,18.1,1016.7,6.8,14.8,0.00,0.0,000000,55.7,89
489480,2019-02-04,12:45:56,11.2,1050.5,16.3,1015.5,15.0,7.3,0.00,0.0,000000,76.5,136
484750,2019-02-04,12:45:56,12.7,1009.5,16.7,1011.7,10.4,8.5,0.01,0.0,010000,54.0,97
488450,2019-02-04,12:45:56,5.1,1020.6,3.8,1021.7,17.4,3.2,0.00,0.0,000000,78.9,72
488510,2019-02-04,12:45:56,7.8,1018.8,12.9,1028.3,7.3,6.3,0.00,0.0,000000,36.4,19
485320,2019-02-04,12:45:56,11.0,1008.1,5.3,1009.5,10.6,11.7,0.00,0.0,000000,56.1,305
488970,2019-02-04,12:45:56,0.0,1013.0,17.1,1008.3,15.6,20.4,0.00,0.0,000000,59.6,134
485170,2019-02-04,12:45:56,14.4,1037.0,17.9,1012.5,14.3,0.2,0.00,0.0,000000,5.4,93
483030,2019-02-04,12:45:56,9.6,1009.9,15.2,1012.0,5.8,1.9,0.00,0.0,000000,38.6,42
488060,2019-02-04,12:45:56,9.2,934.9,13.6,1011.1,18.9,4.7,0.00,0.0,000000,15.0,11
488870,2019-02-04,12:45:56,12.3,1011.8,5.4,1012.4,16.4,21.1,0.00,0.0,000000,0.0,213
485000,2019-02-04,12:45:56,15.3,1014.5,6.4,1011.8,9.8,15.0,0.05,0.0,010000,81.5,247
488300,2019-02-04,12:45:56,-1.2,994.8,6.0,1026.6,15.8,13.1,0.00,0.0,000000,39.2,53
489400,2019-02-04,12:45:56,5.9,1003.4,16.0,1010.0,8.3,2.0,0.01,0.0,010000,50.2,109
489350,2019-02-04,12:45:56,1.1,978.0,13.0,1007.7,20.1,15.9,0.0,0.0,000000,34.8,46
489100,2019-02-04,12:45:56,13.0,1011.1,18.3,1018.8,6.8,9.4,0.00,0.0,000000,29.3,171
749313,2019-02-04,12:45:56,0.0,945.6,2.9,928.9,2.8,4.5,0.00,0.0,000000,2.9,219
484250,2019-02-04,12:45:56,9.4,1013.6,15.4,1013.2,4.5,4.7,0.00,0.0,000000,47.1,120
489015,2019-02-04,12:45:56,10.4,1007.4,19.0,1034.4,9.1,9.0,0.00,0.0,000000,51.1,41
483530,2019-02-04,12:45:56,9.4,994.8,19.2,1012.8,7.7,2.8,0.02,0.0,010000,88.3,144
483800,2019-02-04,12:45:56,17.1,1002.7,20.5,1012.0,3.8,3.5,0.00,0.0,000000,10.7,83
488640,2019-02-04,12:45:56,5.7,1015.5,8.3,1016.5,11.0,16.3,0.00,0.0,000000,45.4,132
488695,2019-02-04,12:45:56,6.9,954.4,3.8,972.4,5.6,17.6,0.00,0.0,000000,49.5,108
489180,2019-02-04,12:45:56,8.9,1013.4,12.2,1012.1,17.6,18.8,0.00,0.0,000000,27.6,80
485500,2019-02-04,12:45:56,15.8,1042.9,19.8,1010.8,10.7,11.6,0.00,0.0,000000,56.4,154
483032,2019-02-04,12:45:56,13.7,1010.0,7.2,997.7,4.0,6.0,0.00,0.0,000000,63.3,334
488910,2019-02-04,12:45:56,11.9,1007.9,19.6,1025.9,9.1,7.1,0.00,0.0,0.0,93.9,61
488915,2019-02-04,12:45:56,12.0,1010.4,5.1,997.7,11.6,13.1,0.00,0.0,000000,9.7,48
488926,2019-02-04,12:45:56,8.2,1007.4,18.2,1032.0,7.3,7.4,0.00,0.0,000000,6.5,191
488100,2019-02-04,12:45:56,7.3,1041.6,8.0,1024.9,14.6,3.9,0.00,0.0,000000,44.2,221
489070,2019-02-04,12:45:56,10.7,1011.5,6.2,1011.7,13.2,10.2,0.00,0.0,000000,33.9,152
484600,2019-02-04,12:45:56,14.5,994.5,19.2,1012.0,9.7,4.3,0.00,0.0,000000,73.8,236
484590,2019-02-04,12:45:56,9.0,1015.1,16.4,1011.7,8.0,7.2,0.01,0.0,010000,50.8,49
484560,2019-02-04,12:45:56,16.5,1015.2,6.5,1010.9,7.7,13.1,0.0,0.0,010000,76.8,49
485576,2019-02-04,12:45:56,11.0,1004.9,23.5,1014.5,1.6,15.5,0.00,0.0,000000,81.1,214
485577,2019-02-04,12:45:56,17.2,1002.6,23.3,988.3,10.9,22.2,0.00,0.0,000000,98.9,98
488700,2019-02-04,12:45:56,4.8,1014.2,8.0,1015.6,17.4,14.6,0.01,0.0,010000,52.3,302
488635,2019-02-04,12:45:56,7.1,1016.2,11.5,1020.5,13.7,13.8,0.00,0.0,000000,77.0,154
484260,2019-02-04,12:45:56,14.4,980.2,21.7,1013.4,5.1,1.5,0.00,0.0,000000,77.6,183
485690,2019-02-04,12:45:56,17.5,1011.4,22.4,1011.1,14.5,7.6,0.02,0.0,010000,50.4,120
485670,2019-02-04,12:45:56,17.4,1007.1,24.3,1009.0,7.2,17.4,0.00,0.0,000000,54.7,299
483820,2019-02-04,12:45:56,5.3,998.9,14.8,1017.0,0.0,7.4,0.00,0.0,000000,70.6,356
483810,2019-02-04,12:45:56,8.1,996.4,14.6,1014.1,10.7,6.3,0.20,0.0,010000,89.4,103
484620,2019-02-04,12:45:56,9.3,1020.0,16.6,1011.8,2.5,0.0,0.00,0.0,000000,2.8,322
485510,2019-02-04,12:45:56,15.5,1011.2,20.5,1011.3,7.1,9.5,0.00,0.0,000000,74.0,87
488676,2019-02-04,12:45:56,10.0,1014.8,16.4,1026.5,9.8,15.9,0.00,0.0,000000,17.6,9
488685,2019-02-04,12:45:56,4.3,1015.8,10.6,1000.8,12.2,15.8,0.00,0.0,000000,84.5,190
484006,2019-02-04,12:45:56,7.2,1015.1,21.3,1018.5,15.2,16.5,0.00,0.0,000000,33.0,30
484005,2019-02-04,12:45:56,9.4,1008.6,21.4,1037.8,10.4,16.3,0.00,0.0,000000,6.2,16
484000,2019-02-04,12:45:56,8.0,1022.3,16.0,1011.0,6.0,2.1,0.00,0.0,000000,93.5,298
484050,2019-02-04,12:45:56,8.1,1015.5,6.6,1011.9,4.9,1.5,0.00,0.0,000000,28.1,50
488520,2019-02-04,12:45:56,6.9,1015.8,2.7,1018.5,10.3,8.5,0.15,0.0,010000,53.3,94
488515,2019-02-04,12:45:56,4.3,1016.5,8.2,1058.9,9.6,19.4,0.00,0.0,000000,34.1,144
488885,2019-02-04,12:45:56,4.4,984.5,11.3,993.5,6.4,5.8,0.00,0.0,000000,71.0,129
489550,2019-02-04,12:45:56,10.8,1006.1,18.2,1012.0,19.6,5.9,0.00,0.0,000000,20.7,32
488260,2019-02-04,12:45:56,7.4,1005.8,10.6,1018.4,10.4,4.4,0.03,0.0,010000,50.1,63
489910,2019-02-04,12:45:56,8.9,1000.5,15.1,996.0,4.1,14.5,0.00,0.0,000000,43.2,109
489041,2019-02-04,12:45:56,8.9,1011.3,16.1,1010.8,19.7,14.6,0.00,0.0,000000,5.1,80
489100,2019-02-04,12:45:57,12.2,1011.1,16.7,1018.8,6.8,9.3,0.00,0.0,000000,29.2,171
484500,2019-02-04,12:45:57,14.2,998.0,22.5,1008.2,7.4,5.6,0.00,0.0,000000,67.3,81
483032,2019-02-04,12:45:57,13.3,1010.3,7.2,997.7,3.9,6.1,0.00,0.0,000000,63.2,333
483750,2019-02-04,12:45:56,10.7,1010.6,19.3,1010.4,8.3,5.5,0.00,0.0,000000,53.9,219
483770,2019-02-04,12:45:56,1.7,1023.0,17.1,1011.2,4.4,10.7,0.00,0.0,000000,36.5,45
488260,2019-02-04,12:45:57,7.9,1005.7,10.6,1018.4,10.4,4.4,0.03,0.0,010000,50.1,64
488925,2019-02-04,12:45:56,5.8,1009.0,14.0,1029.8,14.5,7.9,0.00,0.0,000000,75.9,196
488935,2019-02-04,12:45:56,8.4,1011.0,14.1,1021.6,11.8,16.5,0.00,0.0,000000,77.5,251
488480,2019-02-04,12:45:56,12.0,1020.1,14.4,1018.0,21.8,5.1,0.05,0.0,010000,50.8,333
488390,2019-02-04,12:45:56,4.1,1017.1,2.7,0.0,11.4,27.7,0.02,0.0,010000,82.9,351
488840,2019-02-04,12:45:56,5.3,919.1,7.5,952.2,11.5,2.8,0.00,0.0,000000,99.8,234
489300,2019-02-04,12:45:56,9.6,976.1,15.4,1010.1,10.4,1.8,0.00,0.0,000000,49.3,152
488520,2019-02-04,12:45:57,6.9,1015.8,2.7,1018.5,10.4,8.5,0.15,0.0,010000,53.3,93
488515,2019-02-04,12:45:57,5.2,1016.5,8.2,1059.2,9.5,19.3,0.00,0.0,000000,34.0,144
488600,2019-02-04,12:45:56,9.9,1014.2,3.5,1014.6,16.1,3.9,0.00,0.0,000000,10.2,166
485800,2019-02-04,12:45:56,16.1,1013.9,20.5,1011.8,6.1,6.6,0.00,0.0,000000,40.4,348
488600,2019-02-04,12:45:57,9.9,1014.2,3.5,1014.6,16.1,4.0,0.00,0.0,000000,10.2,166
484650,2019-02-04,12:45:56,17.5,1010.7,19.8,1011.0,6.1,6.8,0.22,0.0,010000,84.1,303
489006,2019-02-04,12:45:56,7.0,995.6,13.5,1022.3,18.3,16.4,0.00,0.0,000000,34.2,55
489005,2019-02-04,12:45:56,4.2,1009.5,12.3,1004.5,11.5,5.2,0.00,0.0,000000,74.3,118
489000,2019-02-04,12:45:56,11.7,1011.8,18.1,1010.1,6.2,6.8,0.00,0.0,000000,67.2,321
488080,2019-02-04,12:45:56,3.7,999.3,7.9,1019.8,19.9,8.4,0.01,0.0,010000,51.5,213
488750,2019-02-04,12:45:56,12.3,951.6,14.2,1012.3,8.0,17.2,0.00,0.0,000000,21.5,282
488671,2019-02-04,12:45:56,8.2,967.0,10.2,969.3,9.2,24.8,0.00,0.0,000000,65.1,70
488665,2019-02-04,12:45:56,2.8,929.4,6.9,0.0,14.1,14.6,0.00,0.0,000000,73.1,307
488100,2019-02-04,12:45:57,7.3,1041.7,8.0,1024.9,14.5,3.9,0.00,0.0,000000,44.2,221
488030,2019-02-04,12:45:56,10.5,1012.1,11.5,1019.3,9.3,1.9,0.00,0.0,000000,9.4,82
488896,2019-02-04,12:45:56,8.0,1009.8,4.4,1004.8,14.8,18.7,0.00,0.0,000000,21.6,351
489125,2019-02-04,12:45:56,15.0,1011.0,20.7,0.0,13.6,11.0,0.00,0.0,000000,88.4,18
489130,2019-02-04,12:45:56,8.3,1012.8,13.8,1015.0,19.9,8.9,0.00,0.0,000000,41.9,49
484610,2019-02-04,12:45:56,0.0,1004.6,18.3,1012.0,9.5,8.4,0.04,0.0,010000,64.1,284
488630,2019-02-04,12:45:56,11.4,1018.0,18.4,1001.7,11.4,0.0,0.00,0.0,000000,25.6,277
488960,2019-02-04,12:45:56,4.7,1036.4,11.7,1013.1,24.5,9.8,0.00,0.0,000000,31.3,346
488962,2019-02-04,12:45:56,6.0,1011.2,13.0,1010.5,20.8,3.9,0.00,0.0,000000,75.4,88
488460,2019-02-04,12:45:56,6.8,985.7,7.9,1021.6,4.1,10.4,0.00,0.0,000000,60.8,120
483790,2019-02-04,12:45:56,0.0,1031.6,15.8,1013.1,3.4,1.1,0.00,0.0,000000,66.9,29
483780,2019-02-04,12:45:56,14.0,1013.7,6.3,1011.0,5.9,4.0,0.00,0.0,000000,39.8,192
485650,2019-02-04,12:45:56,15.5,1009.0,19.6,1009.7,12.0,1.8,0.09,0.0,010000,51.7,127
485660,2019-02-04,12:45:56,16.6,1029.5,22.0,1010.4,10.9,5.8,0.00,0.0,000000,85.0,130
485640,2019-02-04,12:45:56,14.7,988.1,22.8,1005.2,12.6,2.3,0.32,0.0,010000,76.3,327
489550,2019-02-04,12:45:57,10.8,1006.2,18.2,1012.0,19.5,5.9,0.00,0.0,000000,20.7,32
489041,2019-02-04,12:45:57,8.9,1011.3,16.1,1010.8,19.8,14.5,0.00,0.0,000000,5.1,80
484550,2019-02-04,12:45:56,13.6,1014.5,19.5,1011.5,8.6,4.1,0.03,0.0,010000,51.1,219
488770,2019-02-04,12:45:56,4.2,1013.7,10.3,1011.3,14.0,17.1,0.00,0.0,000000,28.0,93
488630,2019-02-04,12:45:57,12.3,1018.0,17.1,1001.8,11.5,21.9,0.00,0.0,000000,25.6,276
484610,2019-02-04,12:45:57,11.8,1004.6,18.3,1012.0,9.5,8.4,0.04,0.0,010000,64.2,283
488030,2019-02-04,12:45:57,10.3,1012.2,12.3,1019.3,9.3,1.9,0.00,0.0,000000,9.4,82
488896,2019-02-04,12:45:57,7.0,1009.8,4.4,1004.8,14.7,18.6,0.00,0.0,000000,21.6,351
489125,2019-02-04,12:45:57,14.3,1011.0,22.1,1015.5,13.5,10.9,0.00,0.0,000000,88.4,18
489130,2019-02-04,12:45:57,7.3,1012.9,13.8,1015.0,20.0,9.0,0.00,0.0,000000,41.9,49
488671,2019-02-04,12:45:57,9.2,966.9,11.7,969.3,9.3,24.9,0.00,0.0,000000,65.1,70
488665,2019-02-04,12:45:57,1.6,929.4,6.9,930.3,14.1,14.6,0.00,0.0,000000,73.1,307.0
488750,2019-02-04,12:45:57,12.3,951.6,13.1,1012.3,8.1,17.3,0.00,0.0,000000,21.5,282
484650,2019-02-04,12:45:57,17.0,1010.7,19.8,1011.0,6.0,6.7,0.22,0.0,010000,84.1,303
485800,2019-02-04,12:45:57,16.1,1014.0,18.6,1011.8,6.0,6.5,0.00,0.0,000000,40.3,348
488390,2019-02-04,12:45:57,4.1,1017.1,2.7,1018.8,11.3,27.9,0.02,0.0,010000,82.9,350
488080,2019-02-04,12:45:57,3.0,999.3,6.7,1019.8,19.9,8.4,0.01,0.0,010000,51.5,213
484750,2019-02-04,12:45:57,12.7,1009.5,16.7,1011.7,10.5,8.5,0.01,0.0,010000,54.1,98
485010,2019-02-04,12:45:57,18.1,1010.6,5.4,1011.1,7.0,3.7,0.60,0.0,010000,50.6,266
484260,2019-02-04,12:45:57,15.6,980.6,21.7,1013.5,5.1,1.4,0.00,0.0,000000,77.6,183
489910,2019-02-04,12:45:57,8.9,1000.6,17.1,995.9,4.1,14.5,0.00,0.0,000000,43.2,109
489470,2019-02-04,12:45:57,5.8,997.7,16.3,1016.7,6.8,14.9,0.00,0.0,000000,55.7,90
483800,2019-02-04,12:45:57,17.1,1002.7,20.5,1012.0,3.8,3.5,0.00,0.0,000000,10.7,83
488960,2019-02-04,12:45:57,4.7,1036.6,11.7,1013.1,24.6,9.8,0.00,0.0,000000,31.3,347
488962,2019-02-04,12:45:57,6.0,1011.2,13.0,1010.5,20.9,4.0,0.00,0.0,000000,75.4,88
484750,2019-02-04,12:45:58,11.8,1009.5,16.7,1011.7,10.4,8.6,0.01,0.0,010000,54.1,98
483760,2019-02-04,12:45:58,11.5,1006.8,18.5,1014.2,0.6,0.1,0.00,0.0,000000,87.9,31
488480,2019-02-04,12:45:58,11.5,1020.1,13.4,1018.0,21.8,5.1,0.05,0.0,010000,50.9,333
488100,2019-02-04,12:45:58,7.3,1041.6,9.4,1024.9,14.5,3.9,0.00,0.0,000000,44.2,221
485010,2019-02-04,12:45:58,18.1,1010.6,5.9,1011.1,7.0,3.7,0.60,0.0,010000,50.6,267
484250,2019-02-04,12:45:58,9.4,1013.6,15.4,1013.2,4.5,4.7,0.00,0.0,000000,47.1,120
489480,2019-02-04,12:45:58,10.1,1051.2,18.2,1015.6,14.9,7.4,0.00,0.0,000000,76.5,136
483032,2019-02-04,12:45:58,13.7,1010.0,7.2,997.6,3.9,6.0,0.00,0.0,000000,63.3,333.5
489100,2019-02-04,12:45:58,12.2,1011.1,16.7,1018.8,6.8,9.4,0.00,0.0,000000,29.2,170
488635,2019-02-04,12:45:58,7.1,1016.2,11.5,1020.7,13.7,13.8,0.00,0.0,000000,77.0,154
488460,2019-02-04,12:45:58,6.8,985.6,8.4,1021.6,4.0,10.4,0.00,0.0,000000,60.8,119
488080,2019-02-04,12:45:58,3.7,999.3,7.9,1019.8,20.0,8.4,0.01,0.0,010000,51.5,212
488700,2019-02-04,12:45:58,5.5,1014.2,7.9,1015.6,17.5,14.7,0.01,0.0,010000,52.3,302
483520,2019-02-04,12:45:58,8.8,994.5,9.8,1013.8,7.4,1.8,0.05,0.0,010000,50.2,175
488300,2019-02-04,12:45:58,-1.3,994.8,6.0,1026.6,15.7,13.3,0.00,0.0,000000,39.1,54
484550,2019-02-04,12:45:58,12.7,1014.5,17.3,1011.5,8.5,4.1,0.03,0.0,010000,51.2,220
483800,2019-02-04,12:45:58,17.1,1002.7,19.5,1012.0,3.8,3.5,0.00,0.0,000000,10.7,83
485170,2019-02-04,12:45:58,14.3,1037.0,20.2,1012.5,14.3,0.3,0.00,0.0,000000,5.3,92
483790,2019-02-04,12:45:58,6.8,1031.6,15.8,1013.1,3.5,1.1,0.00,0.0,000000,67.0,29
483780,2019-02-04,12:45:58,14.0,1013.7,6.3,1011.0,5.9,4.0,0.00,0.0,000000,39.8,192
483575,2019-02-04,12:45:58,9.8,1008.8,17.9,1005.7,7.6,5.3,0.00,0.0,000000,12.8,265
483570,2019-02-04,12:45:58,3.9,993.8,12.0,1006.2,11.3,13.4,0.00,0.0,000000,4.9,106
484610,2019-02-04,12:45:59,12.5,1004.6,16.0,1012.0,9.4,8.4,0.04,0.0,010000,64.2,284
489180,2019-02-04,12:45:59,9.3,1013.4,12.2,1012.1,17.6,18.9,0.00,0.0,000000,27.6,81
488676,2019-02-04,12:45:59,10.9,1014.8,17.5,1025.9,9.8,15.8,0.00,0.0,000000,17.6,9
488685,2019-02-04,12:45:59,3.3,1015.8,10.6,1001.0,12.1,15.9,0.00,0.0,000000,84.5,189
484620,2019-02-04,12:45:59,9.3,1020.3,16.6,1011.8,2.4,5.5,0.00,0.0,000000,2.8,323
484260,2019-02-04,12:45:59,15.0,980.6,23.5,1013.5,5.1,1.4,0.00,0.0,000000,77.5,183
489470,2019-02-04,12:45:59,7.3,997.7,18.1,1016.7,6.7,14.9,0.00,0.0,000000,55.6,90
484750,2019-02-04,12:45:59,12.7,1009.5,16.7,1011.7,10.4,8.7,0.01,0.0,010000,54.1,98
488060,2019-02-04,12:45:59,9.2,934.9,13.6,1011.1,18.8,4.7,0.00,0.0,000000,15.0,10
484600,2019-02-04,12:45:59,14.5,994.5,17.4,1012.0,9.8,4.2,0.00,0.0,000000,73.7,235
484590,2019-02-04,12:45:59,10.0,1015.1,16.4,1011.7,7.9,7.0,0.01,0.0,010000,50.8,49
484560,2019-02-04,12:45:59,16.5,1015.2,6.5,1010.9,7.5,13.2,0.01,0.0,010000,76.8,49
488635,2019-02-04,12:45:59,7.1,1016.2,13.0,1020.6,13.7,13.9,0.00,0.0,000000,77.0,154
485510,2019-02-04,12:45:59,15.5,1011.1,20.5,1011.3,7.2,9.7,0.00,0.0,000000,74.0,87
489100,2019-02-04,12:45:59,13.0,1011.1,17.2,1018.8,6.7,9.3,0.00,0.0,000000,29.2,171
485010,2019-02-04,12:45:59,17.3,1010.6,5.9,1011.1,7.0,3.7,0.60,0.0,010000,50.6,267
489041,2019-02-04,12:45:59,9.6,1011.3,16.1,1010.8,19.7,14.5,0.00,0.0,000000,5.1,80
485320,2019-02-04,12:45:59,9.9,1008.1,5.3,1009.5,10.6,11.8,0.00,0.0,000000,56.1,305
489015,2019-02-04,12:45:59,11.8,1007.4,17.2,1034.4,9.0,9.0,0.00,0.0,000000,51.1,40
488520,2019-02-04,12:45:59,6.9,1015.8,2.7,1018.5,10.4,8.5,0.15,0.0,010000,53.3,93
488515,2019-02-04,12:45:59,4.3,1016.5,8.2,1058.7,9.4,19.3,0.00,0.0,000000,34.0,144
488260,2019-02-04,12:45:59,7.9,1005.8,9.6,1018.4,10.4,4.3,0.03,0.0,010000,50.1,64
484300,2019-02-04,12:45:59,13.9,1010.8,16.9,1011.6,10.3,0.8,0.19,0.0,010000,64.2,264
488450,2019-02-04,12:45:59,5.1,1020.6,3.8,1021.7,17.4,3.1,0.00,0.0,000000,78.9,71
488510,2019-02-04,12:45:59,8.7,1018.8,12.9,1028.3,7.3,6.4,0.00,0.0,000000,36.3,19
488640,2019-02-04,12:45:59,5.7,1015.5,8.2,1016.5,10.8,16.4,0.00,0.0,000000,45.4,133
488695,2019-02-04,12:45:59,6.3,954.5,3.8,972.5,5.6,17.6,0.00,0.0,000000,49.4,108
483760,2019-02-04,12:45:59,11.5,1006.5,18.5,1014.2,0.5,0.1,0.00,0.0,000000,87.9,31
485690,2019-02-04,12:45:59,17.5,1011.4,22.4,1011.1,14.5,7.5,0.02,0.0,010000,50.5,120
485670,2019-02-04,12:45:59,17.4,1007.1,22.4,1009.0,7.2,17.4,0.00,0.0,000000,54.7,300
483800,2019-02-04,12:45:59,17.1,1002.7,19.5,1012.0,3.8,3.5,0.00,0.0,000000,10.7,83
488080,2019-02-04,12:46:00,3.0,999.3,7.9,1019.8,20.1,8.5,0.01,0.0,010000,51.6,212
485320,2019-02-04,12:46:00,11.0,1008.1,5.3,1009.5,10.7,12.0,0.00,0.0,000000,56.1,305
485170,2019-02-04,12:46:00,15.4,1037.0,20.1,1012.5,14.2,0.3,0.00,0.0,000000,5.4,91
488885,2019-02-04,12:46:00,4.4,984.5,11.3,993.9,6.3,5.8,0.00,0.0,000000,71.0,128
484500,2019-02-04,12:46:00,14.1,998.2,22.5,1008.2,7.4,5.4,0.00,0.0,000000,67.4,81
485690,2019-02-04,12:46:00,17.5,1011.4,20.7,1011.1,14.4,7.4,0.02,0.0,010000,50.5,120
485670,2019-02-04,12:46:00,18.6,1007.1,24.3,1009.0,7.2,17.3,0.00,0.0,000000,54.7,299
488770,2019-02-04,12:46:00,4.2,1013.7,10.3,1011.3,14.1,17.3,0.00,0.0,000000,28.0,93
488450,2019-02-04,12:46:00,5.1,1020.6,3.8,1021.7,17.4,3.2,0.00,0.0,000000,78.9,72
488510,2019-02-04,12:46:00,7.8,1018.8,12.9,1028.2,7.2,6.3,0.00,0.0,000000,36.4,19
488870,2019-02-04,12:46:00,12.3,1011.8,5.4,1012.4,16.4,20.9,0.00,0.0,000000,47.5,213
488030,2019-02-04,12:46:00,10.5,1012.1,12.3,1019.3,9.3,1.8,0.00,0.0,000000,9.3,81
488896,2019-02-04,12:46:00,7.0,1009.8,4.4,1004.9,14.9,18.5,0.00,0.0,000000,21.5,351
488630,2019-02-04,12:46:00,12.3,1018.0,18.4,1001.7,11.3,21.9,0.00,0.0,000000,25.6,277
484260,2019-02-04,12:46:00,14.4,981.0,23.5,1013.4,5.1,1.4,0.00,0.0,000000,77.5,182
485800,2019-02-04,12:46:00,15.1,1013.9,20.4,1011.8,6.0,6.6,0.00,0.0,000000,40.4,347
484550,2019-02-04,12:46:00,12.7,1014.5,19.5,1011.5,8.6,4.1,0.03,0.0,010000,51.2,220
488390,2019-02-04,12:46:00,3.8,1017.1,2.7,1018.8,11.4,27.7,0.02,0.0,010000,83.0,350
488671,2019-02-04,12:46:00,9.2,966.9,10.2,969.4,9.2,24.8,0.00,0.0,000000,65.2,70
488665,2019-02-04,12:46:00,1.6,929.4,6.9,930.6,14.1,14.6,0.00,0.0,000000,73.1,308
488750,2019-02-04,12:46:00,12.3,951.7,13.1,1012.3,8.0,17.3,0.00,0.0,000000,21.5,283
489100,2019-02-04,12:46:00,12.2,1011.1,16.7,1018.8,6.7,9.3,0.00,0.0,000000,29.2,170
485576,2019-02-04,12:46:00,11.0,1004.9,21.6,1014.5,1.9,15.5,0.00,0.0,000000,81.0,214
485577,2019-02-04,12:46:00,16.8,1002.9,22.0,988.4,10.9,22.0,0.00,0.0,000000,98.9,99
484250,2019-02-04,12:46:00,9.4,1013.6,17.9,1013.2,4.5,4.7,0.00,0.0,000000,47.1,120
489015,2019-02-04,12:46:00,11.8,1007.4,19.0,1034.4,9.0,9.1,0.00,0.0,000000,51.0,40
488840,2019-02-04,12:46:00,5.2,919.1,7.5,952.2,11.6,3.0,0.00,0.0,000000,99.8,233
485680,2019-02-04,12:46:00,15.9,1012.0,19.5,1011.7,11.0,23.2,0.09,0.0,010000,50.2,118
484780,2019-02-04,12:46:00,14.5,1011.4,20.7,1011.1,7.1,8.9,0.13,0.0,010000,50.8,23
488676,2019-02-04,12:46:00,10.9,1014.8,16.4,1026.1,9.8,15.8,0.00,0.0,000000,17.6,9
488685,2019-02-04,12:46:00,4.3,1015.8,10.6,1001.2,12.2,15.8,0.00,0.0,000000,84.5,189
485000,2019-02-04,12:46:00,14.4,1014.5,6.4,1011.8,9.9,15.0,0.05,0.0,010000,81.5,247
489070,2019-02-04,12:46:00,10.7,1011.6,6.2,1011.7,13.2,10.2,0.00,0.0,000000,34.0,152
484006,2019-02-04,12:46:00,8.4,1015.1,21.3,1018.5,15.1,16.5,0.00,0.0,000000,32.9,30
484005,2019-02-04,12:46:00,10.4,1008.6,21.4,1037.8,10.3,16.3,0.00,0.0,000000,6.1,16
484000,2019-02-04,12:46:00,9.1,1022.3,18.7,1011.0,6.1,2.2,0.00,0.0,000000,93.6,299
484050,2019-02-04,12:46:00,6.8,1015.6,6.6,1011.9,4.9,1.4,0.00,0.0,000000,28.1,51
488640,2019-02-04,12:46:00,5.7,1015.5,8.3,1016.5,10.7,16.5,0.00,0.0,000000,45.4,132
488695,2019-02-04,12:46:00,6.2,954.5,3.8,972.4,5.5,17.6,0.00,0.0,000000,49.5,108
483820,2019-02-04,12:46:00,6.6,998.9,12.3,1017.0,8.0,7.2,0.00,0.0,000000,70.6,356
483810,2019-02-04,12:46:00,8.0,996.4,14.6,1014.1,10.7,6.3,0.2,0.0,010000,89.4,104
483530,2019-02-04,12:46:01,9.4,994.9,17.4,1012.8,7.7,2.7,0.02,0.0,010000,88.3,144
483520,2019-02-04,12:46:01,8.8,994.5,11.6,1013.9,7.4,1.7,0.05,0.0,010000,50.3,174
488525,2019-02-04,12:46:01,6.4,1017.4,3.5,1044.5,5.6,17.0,0.00,0.0,000000,61.7,215
488526,2019-02-04,12:46:01,10.0,1016.0,14.8,990.6,10.8,8.2,0.00,0.0,000000,20.1,83
488460,2019-02-04,12:46:01,7.0,985.8,8.4,1021.6,4.1,10.3,0.00,0.0,000000,60.8,119
488630,2019-02-04,12:46:01,12.3,1018.0,18.4,1001.5,11.4,21.9,0.00,0.0,000000,25.6,276
488770,2019-02-04,12:46:01,4.8,1013.7,10.3,1011.3,14.0,17.2,0.00,0.0,000000,28.1,93
484620,2019-02-04,12:46:01,8.1,1020.5,18.9,1011.8,2.3,5.5,0.00,0.0,000000,2.8,323
483820,2019-02-04,12:46:01,5.3,998.9,12.3,1017.0,8.1,7.3,0.00,0.0,000000,70.6,356
483810,2019-02-04,12:46:01,8.0,996.4,14.6,1014.1,10.7,6.3,0.20,0.0,010000,89.4,104
484006,2019-02-04,12:46:01,7.2,1015.1,19.9,1018.5,15.1,16.6,0.00,0.0,000000,32.9,30
484005,2019-02-04,12:46:01,9.4,1008.7,21.4,1037.7,10.4,16.2,0.00,0.0,000000,6.1,16
484000,2019-02-04,12:46:01,9.1,1022.3,17.4,1011.0,6.1,2.2,0.0,0.0,000000,93.6,298
484050,2019-02-04,12:46:01,6.8,1015.6,6.6,1011.9,4.9,1.4,0.00,0.0,000000,28.1,50
489125,2019-02-04,12:46:01,15.0,1011.0,22.0,1015.5,13.6,10.9,0.00,0.0,000000,88.4,19
489130,2019-02-04,12:46:01,7.3,1012.8,13.8,1015.0,19.9,9.0,0.00,0.0,000000,41.9,49
488390,2019-02-04,12:46:01,4.0,1017.1,2.7,1018.8,11.3,27.6,0.02,0.0,010000,83.0,350
488080,2019-02-04,12:46:01,3.7,999.3,6.7,1019.8,20.0,8.5,0.01,0.0,010000,51.6,213
489660,2019-02-04,12:46:01,9.6,1016.7,17.0,1003.1,5.5,5.3,0.00,0.0,000000,65.8,123
489015,2019-02-04,12:46:01,10.4,1007.4,17.2,1034.4,9.0,9.2,0.00,0.0,000000,51.0,40
488480,2019-02-04,12:46:01,12.0,1020.1,13.4,1018.0,21.9,5.0,0.05,0.0,010000,50.9,333
483032,2019-02-04,12:46:01,13.3,1010.3,7.2,997.6,3.9,6.1,0.00,0.0,000000,63.2,333
488600,2019-02-04,12:46:01,9.5,1014.3,3.7,1014.6,16.1,3.9,0.00,0.0,000000,10.2,165
483030,2019-02-04,12:46:01,7.9,1010.0,17.3,1012.0,5.8,1.9,0.00,0.0,000000,38.6,42
488970,2019-02-04,12:46:01,10.9,1013.0,15.9,1008.2,15.7,20.3,0.00,0.0,000000,59.6,134
484500,2019-02-04,12:46:01,15.4,998.4,22.5,1008.2,7.4,5.5,0.00,0.0,000000,67.4,81
485170,2019-02-04,12:46:01,15.4,1037.0,19.4,1012.5,14.2,0.4,0.00,0.0,000000,5.4,92
489180,2019-02-04,12:46:01,8.9,1013.4,14.0,1012.1,17.7,18.9,0.00,0.0,000000,27.5,81
483800,2019-02-04,12:46:02,17.6,1002.7,19.5,1012.1,3.8,3.5,0.00,0.0,000000,10.7,83
488960,2019-02-04,12:46:02,6.1,1036.8,11.7,1013.1,24.6,9.8,0.00,0.0,000000,31.3,346
488962,2019-02-04,12:46:02,6.0,1011.2,15.3,1010.4,20.8,3.9,0.00,0.0,000000,75.5,88
489100,2019-02-04,12:46:02,12.2,1011.1,17.1,1018.8,6.6,9.4,0.00,0.0,000000,29.3,170
483520,2019-02-04,12:46:02,8.1,994.5,11.6,1013.8,7.5,1.7,0.05,0.0,010000,50.2,173
489041,2019-02-04,12:46:02,9.6,1011.3,16.1,1010.8,19.8,14.8,0.00,0.0,000000,5.0,80
488060,2019-02-04,12:46:02,7.5,934.9,13.6,1011.1,18.7,4.7,0.00,0.0,000000,15.0,11
484650,2019-02-04,12:46:02,17.4,1010.7,18.1,1011.0,6.1,6.4,0.22,0.0,010000,84.0,304
485170,2019-02-04,12:46:02,15.4,1037.0,20.1,1012.5,14.3,0.5,0.00,0.0,000000,5.5,92
488840,2019-02-04,12:46:02,4.0,919.1,7.5,952.2,11.6,3.2,0.00,0.0,000000,99.8,233
483280,2019-02-04,12:46:02,5.2,1047.0,16.1,1009.4,0.5,1.8,0.00,0.0,000000,67.4,352
483760,2019-02-04,12:46:02,11.5,1006.3,20.9,1014.2,0.6,0.1,0.00,0.0,000000,88.0,31
483032,2019-02-04,12:46:02,13.3,1010.0,7.2,997.6,3.9,6.1,0.00,0.0,000000,63.1,333
483575,2019-02-04,12:46:02,9.8,1008.8,20.1,1005.7,7.7,5.3,0.00,0.0,000000,12.8,266
483570,2019-02-04,12:46:02,5.3,993.8,11.9,1006.0,11.3,13.4,0.00,0.0,000000,4.8,106
483750,2019-02-04,12:46:02,10.7,1010.6,19.3,1010.4,8.1,5.5,0.00,0.0,000000,53.8,218
483770,2019-02-04,12:46:02,1.7,1023.6,17.1,1011.2,4.3,10.8,0.00,0.0,000000,36.4,47
488885,2019-02-04,12:46:02,2.8,984.5,11.3,993.5,6.4,5.9,0.00,0.0,000000,71.0,127
483790,2019-02-04,12:46:02,5.2,1031.6,15.8,1013.1,3.5,1.1,0.00,0.0,000000,67.0,28
483780,2019-02-04,12:46:02,14.0,1013.8,6.3,1011.0,5.8,3.9,0.00,0.0,000000,39.8,192
484620,2019-02-04,12:46:02,8.1,1020.5,18.8,1011.8,2.4,5.5,0.00,0.0,000000,2.8,323
489470,2019-02-04,12:46:02,5.8,997.7,16.3,1016.7,6.9,14.9,0.00,0.0,000000,55.6,90
488815,2019-02-04,12:46:02,7.9,851.4,13.6,847.3,10.1,18.0,0.00,0.0,000000,83.0,310
488810,2019-02-04,12:46:02,1.0,907.5,8.8,947.9,19.4,18.6,0.00,0.0,000000,55.0,14
488910,2019-02-04,12:46:02,12.8,1007.9,18.0,1025.9,9.2,7.0,0.00,0.0,000000,93.9,59
488915,2019-02-04,12:46:02,11.0,1010.4,5.1,997.7,11.6,13.5,0.00,0.0,000000,9.6,50
488926,2019-02-04,12:46:02,6.6,1007.4,18.2,1032.0,7.4,7.3,0.00,0.0,000000,6.5,189
488480,2019-02-04,12:46:02,12.0,1020.1,14.4,1018.0,22.0,5.1,0.05,0.0,010000,50.9,333
489070,2019-02-04,12:46:02,11.7,1011.6,6.2,1011.7,13.3,10.2,0.00,0.0,000000,34.0,153
488870,2019-02-04,12:46:02,12.3,1011.8,5.4,1012.4,16.6,20.9,0.00,0.0,000000,47.5,213
488700,2019-02-04,12:46:02,4.8,1014.2,8.0,1015.6,17.4,14.9,0.01,0.0,010000,52.4,303
483545,2019-02-04,12:46:02,2.9,1005.8,20.3,1009.2,6.7,3.5,0.00,0.0,000000,88.0,11
483540,2019-02-04,12:46:02,9.2,998.0,15.7,1009.1,2.6,6.4,0.00,0.0,000000,13.1,46
484750,2019-02-04,12:46:02,12.7,1009.4,16.6,1011.7,10.2,8.5,0.01,0.0,010000,54.1,98
489550,2019-02-04,12:46:02,9.5,1006.0,19.8,1012.0,19.7,5.8,0.00,0.0,000000,20.6,32
485000,2019-02-04,12:46:02,15.3,1014.5,6.4,1011.8,10.0,15.2,0.05,0.0,010000,81.5,247
488030,2019-02-04,12:46:02,10.5,1011.9,12.3,1019.3,9.3,1.8,0.00,0.0,000000,9.4,80
488896,2019-02-04,12:46:02,7.0,1009.8,4.4,1004.9,14.9,18.7,0.00,0.0,000000,21.5,351
484500,2019-02-04,12:46:02,14.1,998.6,22.5,1008.2,7.3,5.4,0.00,0.0,000000,67.4,82
488630,2019-02-04,12:46:02,11.4,1018.0,18.4,1001.7,11.4,21.9,0.00,0.0,000000,25.6,277
484006,2019-02-04,12:46:02,7.2,1015.1,21.3,1018.5,15.0,16.5,0.00,0.0,000000,32.9,30
484005,2019-02-04,12:46:02,9.3,1008.6,19.4,1037.8,10.4,16.3,0.00,0.0,000000,6.1,15
484000,2019-02-04,12:46:02,8.0,1022.3,18.7,1011.0,6.0,2.1,0.00,0.0,000000,93.6,298
484050,2019-02-04,12:46:02,6.8,1015.6,6.6,1011.9,4.8,1.5,0.00,0.0,000000,28.1,51
489300,2019-02-04,12:46:02,9.5,976.1,17.5,1010.1,10.5,1.8,0.00,0.0,000000,49.2,152
489910,2019-02-04,12:46:02,9.8,1000.6,17.1,996.0,4.0,14.3,0.00,0.0,000000,43.3,109
488770,2019-02-04,12:46:02,4.2,1013.7,10.3,1011.3,14.0,17.3,0.00,0.0,000000,28.0,93.0
488600,2019-02-04,12:46:02,9.9,1014.2,3.6,1014.6,16.1,3.8,0.00,0.0,000000,10.2,165
483530,2019-02-04,12:46:02,11.0,994.9,19.2,1012.8,7.7,2.7,0.02,0.0,010000,88.3,144
489480,2019-02-04,12:46:02,11.2,1049.8,18.2,1015.6,14.7,7.6,0.00,0.0,000000,76.5,137
488390,2019-02-04,12:46:02,3.8,1017.2,2.7,1018.8,11.4,27.7,0.02,0.0,010000,83.0,351
488676,2019-02-04,12:46:02,10.9,1014.8,16.4,1026.5,9.7,15.9,0.00,0.0,000000,17.5,8
488685,2019-02-04,12:46:02,3.3,1015.8,10.6,1000.8,12.1,15.6,0.00,0.0,000000,84.5,188
484780,2019-02-04,12:46:02,14.5,1011.4,19.7,1011.1,7.1,9.0,0.13,0.0,010000,50.7,23
485800,2019-02-04,12:46:02,16.1,1013.7,20.4,1011.8,6.1,6.7,0.00,0.0,000000,40.4,347
488450,2019-02-04,12:46:02,5.1,1020.6,3.8,1021.7,17.4,3.1,0.00,0.0,000000,78.8,72
488510,2019-02-04,12:46:02,8.7,1018.8,12.9,1028.2,7.3,6.3,0.00,0.0,000000,36.4,20
489015,2019-02-04,12:46:02,10.4,1007.4,19.0,1034.5,8.9,9.2,0.00,0.0,000000,51.0,40
488635,2019-02-04,12:46:02,7.1,1016.3,13.0,1020.7,13.8,13.8,0.00,0.0,000000,77.1,155
488960,2019-02-04,12:46:03,6.1,1036.6,11.7,1013.1,24.6,9.8,0.00,0.0,000000,31.4,346
488962,2019-02-04,12:46:03,7.3,1011.2,13.0,1010.5,20.9,3.8,0.00,0.0,000000,75.4,88
488970,2019-02-04,12:46:03,10.9,1013.0,17.1,1008.2,15.7,20.1,0.00,0.0,000000,59.6,134
483760,2019-02-04,12:46:03,11.1,1006.0,18.4,1014.2,0.6,0.1,0.00,0.0,000000,88.0,30
488676,2019-02-04,12:46:03,10.0,1014.8,16.4,1026.3,9.8,16.0,0.00,0.0,000000,17.5,8
488685,2019-02-04,12:46:03,3.3,1015.8,10.6,1000.6,12.1,15.7,0.00,0.0,000000,84.4,188
485800,2019-02-04,12:46:03,16.0,1013.8,20.4,1011.8,6.0,6.8,0.00,0.0,000000,40.3,347
484550,2019-02-04,12:46:03,12.6,1014.5,19.5,1011.5,8.6,4.4,0.03,0.0,010000,51.1,219
485650,2019-02-04,12:46:03,15.5,1009.0,19.6,1009.7,12.2,1.7,0.09,0.0,010000,51.7,128
485660,2019-02-04,12:46:03,16.6,1029.7,19.9,1010.4,10.7,5.9,0.00,0.0,000000,85.0,129
485640,2019-02-04,12:46:03,14.7,987.9,20.6,1005.2,12.6,2.3,0.32,0.0,010000,76.3,326
483790,2019-02-04,12:46:03,6.7,1031.7,15.8,1013.1,3.6,1.1,0.00,0.0,000000,67.0,28
483780,2019-02-04,12:46:03,15.3,1013.9,6.3,1011.0,5.8,4.0,0.00,0.0,000000,39.7,192
488635,2019-02-04,12:46:03,6.5,1016.3,11.5,1020.6,13.8,13.6,0.00,0.0,000000,77.0,154
489180,2019-02-04,12:46:03,8.9,1013.4,12.1,1012.1,17.8,18.9,0.00,0.0,000000,27.5,81
485510,2019-02-04,12:46:03,15.5,1011.0,22.3,1011.3,7.2,9.8,0.0,0.0,000000,73.8,88
485576,2019-02-04,12:46:03,11.7,1004.8,21.5,1014.4,1.9,15.4,0.00,0.0,000000,80.9,214
485577,2019-02-04,12:46:03,16.8,1002.7,22.0,988.3,10.8,21.8,0.00,0.0,000000,98.8,99
484780,2019-02-04,12:46:03,14.5,1011.4,18.7,1011.1,7.0,8.9,0.13,0.0,010000,50.8,22.3
488925,2019-02-04,12:46:03,4.3,1009.0,11.5,1029.7,14.4,8.0,0.00,0.0,000000,75.8,197
488935,2019-02-04,12:46:03,8.4,1011.0,14.1,1021.9,11.6,16.9,0.00,0.0,000000,77.4,251
484650,2019-02-04,12:46:03,17.0,1010.7,19.8,1011.0,6.0,6.5,0.22,0.0,010000,84.0,304
489910,2019-02-04,12:46:03,8.9,1000.7,17.1,995.9,4.1,14.3,0.00,0.0,000000,43.4,109
485680,2019-02-04,12:46:03,15.9,1012.1,21.2,1011.7,11.1,23.2,0.09,0.0,010000,50.3,118
489400,2019-02-04,12:46:03,7.2,1003.5,16.0,1010.0,8.1,2.1,0.01,0.0,010000,50.2,108
489350,2019-02-04,12:46:03,-0.9,978.1,13.0,1007.7,20.2,16.0,0.00,0.0,000000,34.8,47
483530,2019-02-04,12:46:03,9.4,995.0,19.2,1012.8,7.8,2.7,0.02,0.0,010000,88.3,143
489041,2019-02-04,12:46:03,9.6,1011.3,16.1,1010.8,19.8,14.9,0.00,0.0,000000,5.0,80
488750,2019-02-04,12:46:03,11.8,951.6,13.1,1012.3,8.1,17.4,0.00,0.0,000000,21.5,283
483800,2019-02-04,12:46:03,17.1,1002.7,19.5,1012.1,3.7,3.5,0.00,0.0,000000,10.7,83
489006,2019-02-04,12:46:03,7.0,995.7,11.2,1022.3,18.4,16.8,0.00,0.0,000000,34.1,53
489005,2019-02-04,12:46:03,4.1,1009.5,14.6,1004.6,11.5,5.2,0.00,0.0,000000,74.4,119
489000,2019-02-04,12:46:03,12.9,1011.8,18.1,1010.1,6.1,7.0,0.00,0.0,000000,67.3,320
489550,2019-02-04,12:46:03,9.5,1006.1,18.2,1012.0,19.6,5.8,0.00,0.0,000000,20.6,32
483750,2019-02-04,12:46:03,9.0,1010.6,19.3,1010.4,8.1,5.4,0.00,0.0,000000,53.8,218
483770,2019-02-04,12:46:03,1.7,1023.3,17.1,1011.1,4.4,10.8,0.00,0.0,000000,36.4,46
749313,2019-02-04,12:46:03,0.2,945.6,2.9,928.9,3.0,4.5,0.00,0.0,000000,2.9,219
489015,2019-02-04,12:46:04,10.4,1007.4,19.0,1034.4,8.9,9.3,0.00,0.0,000000,50.9,40
489300,2019-02-04,12:46:04,11.4,976.1,17.5,1010.1,10.4,1.8,0.00,0.0,000000,49.2,152
489470,2019-02-04,12:46:04,5.8,997.8,18.0,1016.7,6.8,14.6,0.00,0.0,000000,55.5,90
489660,2019-02-04,12:46:04,9.6,1016.3,14.9,1003.5,5.3,5.6,0.00,0.0,000000,65.7,123
483530,2019-02-04,12:46:04,11.0,995.0,19.2,1012.8,7.7,2.8,0.02,0.0,010000,88.3,143
488770,2019-02-04,12:46:04,4.8,1013.7,10.3,1011.3,14.0,17.3,0.00,0.0,000000,28.1,93
485320,2019-02-04,12:46:04,11.0,1008.1,5.3,1009.5,10.7,12.0,0.00,0.0,000000,56.1,305
485690,2019-02-04,12:46:04,16.5,1011.3,21.8,1011.1,14.4,7.2,0.02,0.0,010000,50.5,120
485670,2019-02-04,12:46:04,18.6,1007.1,22.4,1009.0,7.4,17.4,0.00,0.0,000000,54.7,300
483032,2019-02-04,12:46:04,13.5,1010.0,7.2,997.7,3.8,6.2,0.00,0.0,000000,63.2,333
488960,2019-02-04,12:46:04,4.7,1036.8,11.7,1013.1,24.5,9.9,0.00,0.0,000000,31.4,346
488962,2019-02-04,12:46:04,6.0,1011.2,13.0,1010.4,20.8,3.9,0.00,0.0,000000,75.4,88
483280,2019-02-04,12:46:04,5.2,1047.0,16.1,1009.3,0.6,1.8,0.00,0.0,000000,67.4,353
488885,2019-02-04,12:46:04,2.7,984.5,11.3,993.5,6.3,6.0,0.00,0.0,000000,71.0,127
488300,2019-02-04,12:46:04,-1.3,994.8,6.0,1026.6,15.7,12.9,0.00,0.0,000000,39.0,52
484300,2019-02-04,12:46:04,14.3,1010.8,15.3,1011.6,10.2,0.8,0.19,0.0,010000,64.3,263
749313,2019-02-04,12:46:04,0.2,945.6,2.9,928.9,2.9,4.5,0.00,0.0,000000,2.9,219
484650,2019-02-04,12:46:04,17.4,1010.7,18.1,1011.0,6.1,6.6,0.22,0.0,010000,84.0,304
483750,2019-02-04,12:46:04,9.0,1010.6,17.0,1010.4,8.0,5.3,0.00,0.0,000000,53.8,217
483770,2019-02-04,12:46:04,0.2,1023.6,17.1,1011.2,4.4,10.8,0.00,0.0,000000,36.4,47
489480,2019-02-04,12:46:04,10.1,1050.5,16.3,1015.6,14.6,7.6,0.00,0.0,000000,76.5,137
485800,2019-02-04,12:46:04,15.1,1013.7,20.4,1011.8,6.0,6.7,0.00,0.0,000000,40.3,347
488080,2019-02-04,12:46:05,3.7,999.3,6.7,1019.8,20.1,8.5,0.01,0.0,010000,51.7,213
485320,2019-02-04,12:46:05,11.0,1008.1,5.3,1009.5,10.6,12.1,0.00,0.0,000000,56.2,305
489300,2019-02-04,12:46:05,11.4,976.1,17.5,1010.1,10.4,1.9,0.00,0.0,000000,49.2,153
489910,2019-02-04,12:46:05,9.7,1000.6,15.1,995.8,4.1,14.3,0.00,0.0,000000,43.3,109
488525,2019-02-04,12:46:05,6.4,1017.4,3.5,1044.5,5.8,16.9,0.00,0.0,000000,61.7,216
488526,2019-02-04,12:46:05,10.0,1016.0,14.8,990.9,10.8,8.3,0.00,0.0,000000,20.2,83
485650,2019-02-04,12:46:05,14.4,1009.0,22.0,1009.7,12.3,1.7,0.09,0.0,010000,51.7,128
485660,2019-02-04,12:46:05,15.4,1029.7,21.9,1010.4,10.6,5.9,0.00,0.0,000000,85.0,129
485640,2019-02-04,12:46:05,14.7,987.9,22.7,1005.2,12.7,2.4,0.32,0.0,010000,76.3,326
484600,2019-02-04,12:46:05,14.4,994.6,17.4,1012.0,9.8,4.4,0.00,0.0,000000,73.8,235
484590,2019-02-04,12:46:05,9.0,1015.0,16.4,1011.7,8.0,6.8,0.01,0.0,010000,50.8,49
484560,2019-02-04,12:46:05,15.4,1015.2,6.5,1010.9,7.4,13.5,0.01,0.0,010000,76.9,48
488970,2019-02-04,12:46:05,7.3,1013.0,15.9,1008.2,15.8,20.1,0.00,0.0,000000,59.5,134
488870,2019-02-04,12:46:05,11.4,1011.8,6.3,1012.4,16.8,20.5,0.00,0.0,000000,47.6,213
483750,2019-02-04,12:46:05,9.0,1010.6,19.3,1010.4,8.1,5.3,0.00,0.0,000000,53.8,218
483770,2019-02-04,12:46:05,0.2,1023.9,19.8,1011.2,4.4,10.8,0.00,0.0,000000,36.4,47
488960,2019-02-04,12:46:05,4.7,1036.9,11.7,1013.1,24.6,9.8,0.00,0.0,000000,31.4,347
488962,2019-02-04,12:46:05,7.3,1011.2,13.0,1010.4,20.9,4.0,0.00,0.0,000000,75.4,88
488630,2019-02-04,12:46:05,12.3,1018.0,18.4,1001.5,11.5,21.8,0.00,0.0,000000,25.5,277
488815,2019-02-04,12:46:05,6.3,851.4,12.0,847.2,10.3,18.1,0.00,0.0,000000,83.1,309
488810,2019-02-04,12:46:05,1.0,907.5,8.8,947.9,19.3,18.5,0.00,0.0,000000,55.1,14
488700,2019-02-04,12:46:05,5.5,1014.2,8.0,1015.6,17.4,14.8,0.01,0.0,010000,52.3,303
488676,2019-02-04,12:46:05,10.0,1014.8,16.6,1026.3,9.8,15.8,0.00,0.0,000000,17.4,7
488685,2019-02-04,12:46:05,3.2,1015.8,10.5,1000.3,12.1,15.7,0.00,0.0,000000,84.4,188
488450,2019-02-04,12:46:05,5.1,1020.6,3.8,1021.7,17.5,2.9,0.00,0.0,000000,78.9,72
488510,2019-02-04,12:46:05,8.7,1018.8,12.8,1028.3,7.3,6.4,0.00,0.0,000000,36.3,20
488671,2019-02-04,12:46:05,9.2,966.9,11.7,969.4,9.3,25.0,0.00,0.0,000000,65.3,70
488665,2019-02-04,12:46:05,1.6,929.4,6.9,930.8,14.1,14.9,0.00,0.0,000000,73.2,307
483790,2019-02-04,12:46:05,5.2,1031.7,15.8,1013.1,3.6,1.1,0.00,0.0,000000,67.0,28
483780,2019-02-04,12:46:05,14.0,1013.8,6.3,1011.0,5.9,4.0,0.00,0.0,000000,39.7,193
484250,2019-02-04,12:46:05,9.4,1013.6,15.4,1013.2,4.4,4.7,0.00,0.0,000000,47.0,119
489125,2019-02-04,12:46:05,14.3,1011.0,20.7,1015.5,13.7,11.1,0.00,0.0,000000,88.5,18
489130,2019-02-04,12:46:05,7.3,1012.8,11.4,1015.1,19.9,9.2,0.00,0.0,000000,42.1,49
489660,2019-02-04,12:46:05,8.7,1016.4,17.0,1003.8,5.3,5.7,0.00,0.0,000000,65.7,123
489070,2019-02-04,12:46:05,11.7,1011.6,6.2,1011.7,13.5,10.3,0.00,0.0,000000,34.0,153
489480,2019-02-04,12:46:05,11.1,1050.9,18.2,1015.5,14.6,7.6,0.00,0.0,000000,76.5,137
484780,2019-02-04,12:46:05,13.5,1011.4,20.7,1011.1,6.9,9.0,0.13,0.0,010000,50.8,22
484550,2019-02-04,12:46:05,12.6,1014.5,17.3,1011.5,8.6,4.5,0.03,0.0,010000,51.2,219
483750,2019-02-04,12:46:06,10.7,1010.7,18.8,1010.4,8.1,5.2,0.00,0.0,000000,53.7,217
483770,2019-02-04,12:46:06,0.2,1023.6,17.1,1011.2,4.4,10.8,0.00,0.0,000000,36.4,47
483030,2019-02-04,12:46:06,9.6,1009.8,15.2,1012.0,5.9,1.9,0.00,0.0,000000,38.7,43
489125,2019-02-04,12:46:06,15.0,1011.0,22.0,1015.8,13.7,11.0,0.00,0.0,000000,88.6,18
489130,2019-02-04,12:46:06,7.3,1012.8,13.8,1015.1,19.8,9.2,0.00,0.0,000000,42.0,49
488100,2019-02-04,12:46:06,7.3,1041.3,8.0,1024.9,14.1,3.9,0.00,0.0,000000,44.3,220
489550,2019-02-04,12:46:06,9.5,1006.1,18.2,1012.0,19.6,5.7,0.00,0.0,000000,20.6,33
484620,2019-02-04,12:46:06,8.1,1020.4,18.8,1011.8,2.4,5.3,0.00,0.0,000000,3.0,322
488750,2019-02-04,12:46:06,12.3,951.6,13.1,1012.3,8.0,17.3,0.00,0.0,000000,21.5,283
488671,2019-02-04,12:46:06,8.2,966.9,11.0,969.5,9.3,24.9,0.00,0.0,0.0,65.3,69
488665,2019-02-04,12:46:06,2.7,929.4,6.9,931.1,14.2,15.0,0.00,0.0,000000,73.2,307
488840,2019-02-04,12:46:06,4.0,919.1,7.5,952.2,11.5,3.2,0.00,0.0,000000,99.8,232
488640,2019-02-04,12:46:06,5.2,1015.5,8.3,1016.5,10.7,16.5,0.00,0.0,000000,45.5,132
488695,2019-02-04,12:46:06,6.2,954.4,3.8,972.3,5.3,17.6,0.00,0.0,000000,49.5,107
483575,2019-02-04,12:46:06,9.8,1008.8,20.1,1005.7,7.7,5.5,0.00,0.0,000000,12.8,266
483570,2019-02-04,12:46:06,5.2,993.8,14.0,1006.0,11.1,13.4,0.00,0.0,000000,4.8,108
485170,2019-02-04,12:46:06,14.3,1037.0,17.8,1012.5,14.4,0.8,0.00,0.0,000000,5.5,91
485500,2019-02-04,12:46:06,16.3,1043.1,19.8,1010.8,10.7,11.6,0.00,0.0,000000,56.2,155
488390,2019-02-04,12:46:06,4.1,1017.2,2.7,1018.8,11.4,27.5,0.02,0.0,010000,83.0,351
488260,2019-02-04,12:46:06,7.9,1005.8,10.6,1018.4,10.3,4.3,0.03,0.0,010000,50.1,65
488080,2019-02-04,12:46:06,3.0,999.4,6.7,1019.8,20.2,8.6,0.01,0.0,010000,51.7,213
483790,2019-02-04,12:46:06,5.2,1031.7,15.8,1013.1,3.6,1.2,0.00,0.0,000000,66.9,27
483780,2019-02-04,12:46:06,15.3,1013.8,6.3,1011.0,5.9,4.0,0.00,0.0,000000,39.8,192
484550,2019-02-04,12:46:06,12.6,1014.5,17.3,1011.5,8.6,4.5,0.03,0.0,010000,51.2,219
489015,2019-02-04,12:46:06,11.8,1007.4,17.2,1034.5,8.9,9.3,0.00,0.0,000000,50.9,41
488925,2019-02-04,12:46:06,4.3,1009.0,14.0,1029.8,14.3,8.0,0.00,0.0,000000,75.8,196
488935,2019-02-04,12:46:06,9.4,1011.0,14.1,1021.6,11.7,17.0,0.00,0.0,000000,77.3,252
484075,2019-02-04,12:46:06,-22.6,985.6,7.1,1006.8,5.9,4.1,0.00,0.0,000000,46.3,39
484076,2019-02-04,12:46:06,4.7,973.1,14.5,949.7,3.9,4.7,0.00,0.0,000000,62.5,209
485320,2019-02-04,12:46:06,11.0,1008.1,5.3,1009.5,10.6,12.3,0.00,0.0,000000,56.1,305
488300,2019-02-04,12:46:06,-1.3,994.8,6.0,1026.6,15.8,12.9,0.00,0.0,000000,39.0,52
488635,2019-02-04,12:46:06,6.5,1016.3,11.5,1020.6,13.8,13.8,0.00,0.0,000000,77.0,155
488885,2019-02-04,12:46:06,2.7,984.5,11.3,993.5,6.2,6.0,0.00,0.0,000000,71.0,127
483530,2019-02-04,12:46:06,9.4,994.9,18.8,1012.8,7.6,2.9,0.02,0.0,010000,88.3,144
489300,2019-02-04,12:46:06,9.5,976.1,15.4,1010.1,10.5,1.8,0.00,0.0,000000,49.2,152
483280,2019-02-04,12:46:06,5.2,1046.8,16.9,1009.4,0.5,1.8,0.00,0.0,000000,67.4,353
483520,2019-02-04,12:46:06,8.7,994.5,9.8,1013.9,7.3,1.7,0.05,0.0,010000,50.3,174
488030,2019-02-04,12:46:06,10.5,1011.6,12.3,1019.2,9.4,1.8,0.00,0.0,000000,9.4,79
488896,2019-02-04,12:46:06,8.0,1009.8,4.4,1004.9,14.9,18.7,0.00,0.0,000000,21.5,351
489480,2019-02-04,12:46:07,10.1,1050.2,18.2,1015.6,14.6,7.6,0.00,0.0,000000,76.5,137
488030,2019-02-04,12:46:07,10.5,1011.5,11.5,1019.2,9.4,1.8,0.00,0.0,000000,9.4,80
488896,2019-02-04,12:46:07,7.0,1009.8,4.4,1004.9,14.8,18.8,0.00,0.0,000000,21.4,351
488770,2019-02-04,12:46:07,4.2,1013.7,8.3,1011.3,13.8,17.2,0.00,0.0,000000,28.1,94
749313,2019-02-04,12:46:07,2.3,945.6,2.9,928.9,3.0,4.5,0.00,0.0,000000,3.0,219
489470,2019-02-04,12:46:07,5.8,997.8,18.0,1016.6,7.0,14.7,0.00,0.0,000000,55.5,91
488300,2019-02-04,12:46:07,-0.6,994.8,6.0,1026.6,15.8,12.8,0.00,0.0,000000,39.0,52
485800,2019-02-04,12:46:07,16.0,1013.6,18.5,1011.8,5.9,6.8,0.0,0.0,000000,40.3,346
488460,2019-02-04,12:46:07,6.8,986.0,8.4,1021.6,4.1,10.1,0.00,0.0,000000,61.0,120
488480,2019-02-04,12:46:07,12.0,1020.1,13.4,1018.0,21.8,5.0,0.05,0.0,010000,50.9,334
488390,2019-02-04,12:46:07,3.8,1017.2,2.5,1018.8,11.5,27.4,0.02,0.0,010000,83.0,351
488700,2019-02-04,12:46:07,5.4,1014.2,8.0,1015.6,17.3,14.6,0.01,0.0,010000,52.4,302
488676,2019-02-04,12:46:07,10.0,1014.8,16.4,1026.3,9.7,15.7,0.00,0.0,000000,17.4,8
488685,2019-02-04,12:46:07,3.2,1015.8,10.5,999.9,12.0,15.7,0.00,0.0,000000,84.4,188
484620,2019-02-04,12:46:07,9.3,1020.5,18.8,1011.8,2.3,5.2,0.00,0.0,000000,3.0,321
483530,2019-02-04,12:46:07,10.9,995.0,19.2,1012.8,7.6,2.9,0.02,0.0,010000,88.3,143
489006,2019-02-04,12:46:07,7.0,995.7,11.1,1022.3,18.4,16.6,0.00,0.0,000000,34.0,54
489005,2019-02-04,12:46:07,4.1,1009.5,13.5,1004.7,11.6,5.1,0.00,0.0,000000,74.4,119
489000,2019-02-04,12:46:07,12.9,1011.8,19.7,1010.1,6.1,7.2,0.00,0.0,000000,67.2,321
488750,2019-02-04,12:46:07,12.3,951.6,14.2,1012.3,8.1,17.4,0.00,0.0,000000,21.5,282
489550,2019-02-04,12:46:07,10.8,1006.1,18.2,1012.0,19.6,5.6,0.00,0.0,000000,20.5,34
484006,2019-02-04,12:46:07,8.4,1015.1,21.0,1018.5,15.2,16.6,0.00,0.0,000000,32.9,29
484005,2019-02-04,12:46:07,9.3,1008.7,21.4,1037.9,10.3,16.2,0.00,0.0,000000,6.0,17
484000,2019-02-04,12:46:07,8.0,1022.3,16.0,1011.0,6.0,2.1,0.00,0.0,000000,93.8,299
484050,2019-02-04,12:46:07,8.1,1015.6,6.6,1011.9,4.9,1.6,0.00,0.0,000000,28.2,50.5
488671,2019-02-04,12:46:07,9.1,966.9,10.2,969.4,9.3,24.9,0.00,0.0,000000,65.3,70
488665,2019-02-04,12:46:07,1.6,929.4,6.9,931.4,14.1,15.1,0.00,0.0,000000,73.3,307
483032,2019-02-04,12:46:07,13.7,1010.7,7.2,997.7,3.6,6.2,0.00,0.0,000000,63.2,333
488960,2019-02-04,12:46:07,4.7,1036.9,11.6,1013.1,24.6,9.9,0.00,0.0,000000,31.5,346
488962,2019-02-04,12:46:07,7.3,1011.2,15.2,1010.4,20.8,3.8,0.00,0.0,000000,75.5,87
488520,2019-02-04,12:46:07,7.5,1015.8,2.7,1018.6,10.5,8.6,0.15,0.0,010000,53.3,93
488515,2019-02-04,12:46:07,5.2,1016.5,8.2,1058.7,9.4,18.7,0.00,0.0,000000,34.0,143
485010,2019-02-04,12:46:07,18.1,1010.6,5.9,1011.1,7.0,3.8,0.60,0.0,010000,50.5,266
483790,2019-02-04,12:46:07,6.7,1031.7,15.8,1013.1,3.6,1.1,0.00,0.0,000000,66.9,27
483780,2019-02-04,12:46:07,15.3,1013.9,6.3,1011.0,6.0,4.0,0.00,0.0,000000,39.7,193
483820,2019-02-04,12:46:07,5.3,998.9,14.7,1016.9,8.0,7.0,0.00,0.0,000000,70.6,357
483810,2019-02-04,12:46:07,8.0,996.3,16.7,1014.0,10.8,6.2,0.20,0.0,010000,89.3,104
483280,2019-02-04,12:46:07,7.5,1046.7,18.5,1009.4,0.6,1.8,0.00,0.0,000000,67.3,353
483750,2019-02-04,12:46:07,10.7,1010.7,17.0,1010.4,8.1,5.3,0.00,0.0,000000,53.7,218
483770,2019-02-04,12:46:07,1.7,1023.3,17.1,1011.1,4.4,10.9,0.00,0.0,000000,36.4,46
483545,2019-02-04,12:46:07,4.4,1005.5,18.5,1009.2,6.5,3.6,0.00,0.0,000000,88.1,12
483540,2019-02-04,12:46:07,7.8,998.1,17.6,1009.1,2.9,6.4,0.00,0.0,000000,13.1,46
485500,2019-02-04,12:46:07,16.3,1043.0,19.8,1010.8,10.6,11.5,0.00,0.0,000000,56.1,155
483800,2019-02-04,12:46:07,17.1,1002.7,19.5,1012.1,3.7,3.5,0.00,0.0,000000,10.6,82
488520,2019-02-04,12:46:08,7.5,1015.8,2.7,1018.6,10.5,8.6,0.15,0.0,010000,53.3,93.3
488515,2019-02-04,12:46:08,4.3,1016.5,8.2,1058.4,9.4,18.6,0.00,0.0,000000,34.0,144
484780,2019-02-04,12:46:08,13.5,1011.3,18.7,1011.1,6.9,9.1,0.13,0.0,010000,50.9,23
483760,2019-02-04,12:46:08,9.8,1005.7,18.4,1014.2,0.6,0.1,0.00,0.0,000000,87.9,31
483545,2019-02-04,12:46:08,2.9,1005.8,18.5,1009.2,6.5,3.6,0.00,0.0,000000,88.1,11
483540,2019-02-04,12:46:08,9.2,998.1,15.7,1009.1,2.8,6.5,0.00,0.0,000000,13.1,46
485680,2019-02-04,12:46:08,15.4,1012.1,21.2,1011.7,11.1,23.3,0.09,0.0,010000,50.2,118.3
488525,2019-02-04,12:46:08,6.7,1017.4,3.5,1044.2,5.6,16.9,0.00,0.0,000000,61.8,215
488526,2019-02-04,12:46:08,9.0,1016.0,14.8,990.7,10.8,8.4,0.00,0.0,000000,20.1,82
488100,2019-02-04,12:46:08,6.0,1041.2,8.0,1024.9,14.1,3.8,0.00,0.0,000000,44.3,220
488060,2019-02-04,12:46:08,7.4,934.9,13.5,1011.1,18.5,4.6,0.00,0.0,000000,15.0,13
484260,2019-02-04,12:46:08,15.6,980.2,21.7,1013.4,5.1,1.3,0.00,0.0,000000,77.6,182
483280,2019-02-04,12:46:08,5.2,1046.7,18.5,1009.4,0.6,1.8,0.00,0.0,000000,67.3,353
489910,2019-02-04,12:46:08,8.9,1000.5,17.1,995.9,4.1,14.3,0.00,0.0,000000,43.3,109
488450,2019-02-04,12:46:08,5.9,1020.6,3.8,1021.7,17.5,2.9,0.00,0.0,000000,78.9,71
488510,2019-02-04,12:46:08,8.7,1018.8,11.1,1028.2,7.1,6.1,0.00,0.0,000000,36.4,20
485000,2019-02-04,12:46:08,14.3,1014.5,6.4,1011.8,9.9,15.0,0.05,0.0,010000,81.3,247
489125,2019-02-04,12:46:08,14.3,1011.0,20.7,812.5,13.8,10.9,0.00,0.0,000000,88.6,19
489130,2019-02-04,12:46:08,7.3,1013.0,13.8,1015.1,19.9,9.1,0.00,0.0,000000,42.0,48
488300,2019-02-04,12:46:08,-0.6,994.8,6.0,1026.6,15.9,12.7,0.00,0.0,000000,38.9,52
489015,2019-02-04,12:46:08,10.4,1007.4,19.0,1034.5,8.9,9.3,0.00,0.0,000000,50.9,41
488700,2019-02-04,12:46:08,5.4,1014.2,8.0,1015.6,17.3,14.7,0.01,0.0,010000,52.4,302
484300,2019-02-04,12:46:08,13.9,1010.8,16.4,1011.6,10.4,0.7,0.19,0.0,010000,64.3,263.3
489480,2019-02-04,12:46:08,11.1,1049.8,16.3,1015.6,14.6,7.5,0.00,0.0,000000,76.5,136
489550,2019-02-04,12:46:08,9.5,1006.0,19.8,1012.0,19.6,5.7,0.00,0.0,000000,20.6,34
488970,2019-02-04,12:46:08,11.6,1013.0,15.8,1008.2,15.9,19.7,0.00,0.0,000000,59.5,134
488630,2019-02-04,12:46:08,12.3,1017.9,18.4,1001.4,11.4,21.8,0.00,0.0,000000,25.5,277
489041,2019-02-04,12:46:08,9.6,1011.3,16.1,1010.8,19.9,14.8,0.00,0.0,000000,4.9,80.0
484075,2019-02-04,12:46:08,-22.6,985.7,7.1,1006.8,6.0,4.1,0.00,0.0,000000,46.3,40
484076,2019-02-04,12:46:08,3.2,973.1,16.6,949.7,4.0,4.7,0.00,0.0,000000,62.4,209
488676,2019-02-04,12:46:08,10.4,1014.8,17.5,1026.5,9.6,15.6,0.00,0.0,000000,17.3,8
488685,2019-02-04,12:46:08,3.2,1015.8,10.5,999.7,12.1,15.8,0.00,0.0,000000,84.5,188
488770,2019-02-04,12:46:08,4.1,1013.7,10.3,1011.3,13.9,17.1,0.00,0.0,000000,28.2,95
485650,2019-02-04,12:46:08,14.4,1009.0,22.0,1009.7,12.2,1.7,0.09,0.0,010000,51.8,128
485660,2019-02-04,12:46:08,15.4,1030.0,21.9,1010.4,10.5,5.9,0.00,0.0,000000,85.1,129
485640,2019-02-04,12:46:08,15.4,987.7,20.6,1005.2,12.8,2.4,0.32,0.0,010000,76.3,325
488480,2019-02-04,12:46:08,12.0,1020.1,14.4,1018.0,21.8,5.1,0.05,0.0,010000,51.0,334
488885,2019-02-04,12:46:08,2.7,984.5,11.3,993.9,6.3,6.1,0.00,0.0,000000,71.0,127
484500,2019-02-04,12:46:08,14.1,999.5,22.4,1008.2,7.2,5.4,0.00,0.0,000000,67.4,81
484600,2019-02-04,12:46:08,14.4,994.6,19.2,1012.0,9.9,4.4,0.00,0.0,000000,73.8,235
484590,2019-02-04,12:46:08,10.0,1015.1,16.4,1011.7,7.9,6.9,0.01,0.0,010000,50.7,50
484560,2019-02-04,12:46:08,15.4,1015.2,6.5,1010.9,7.4,13.7,0.01,0.0,010000,76.8,48
483800,2019-02-04,12:46:08,17.6,1002.7,19.5,1012.1,3.7,3.6,0.00,0.0,000000,10.7,82
488635,2019-02-04,12:46:08,6.5,1016.3,11.5,1020.7,13.7,13.8,0.00,0.0,000000,76.9,154
483820,2019-02-04,12:46:08,5.3,998.9,14.7,1016.9,8.0,7.1,0.00,0.0,000000,70.6,356
483810,2019-02-04,12:46:08,8.0,996.3,14.6,1014.0,10.8,6.3,0.20,0.0,010000,89.3,105
485800,2019-02-04,12:46:08,15.1,1013.7,18.5,1011.8,5.9,6.7,0.00,0.0,000000,40.2,346
488460,2019-02-04,12:46:08,6.8,986.1,8.4,1021.6,4.0,10.1,0.00,0.0,000000,61.0,120
484250,2019-02-04,12:46:08,9.4,1013.6,17.9,1013.2,4.5,4.8,0.00,0.0,000000,47.1,118
488030,2019-02-04,12:46:08,10.5,1011.4,12.3,1019.2,9.4,1.9,0.00,0.0,000000,9.3,79
488896,2019-02-04,12:46:08,7.0,1009.8,4.4,1004.9,14.9,19.0,0.00,0.0,000000,21.4,351
483520,2019-02-04,12:46:09,8.0,994.5,11.6,1013.9,7.3,1.7,0.05,0.0,010000,50.3,174
485510,2019-02-04,12:46:09,16.6,1010.7,20.4,1011.3,7.2,9.8,0.00,0.0,000000,73.9,87
488480,2019-02-04,12:46:09,12.0,1020.1,14.4,1018.0,21.9,5.0,0.05,0.0,010000,51.0,334
485576,2019-02-04,12:46:09,11.0,1004.9,21.5,1014.3,1.8,15.3,0.00,0.0,000000,81.1,213
485577,2019-02-04,12:46:09,16.8,1002.7,23.3,988.3,10.6,21.6,0.00,0.0,000000,98.7,99
488630,2019-02-04,12:46:09,11.4,1017.9,18.4,1001.3,11.4,21.7,0.00,0.0,000000,25.5,278
483790,2019-02-04,12:46:09,6.7,1031.6,15.8,1013.1,3.6,1.0,0.00,0.0,000000,67.0,27
483780,2019-02-04,12:46:09,15.3,1014.0,6.3,1011.0,6.1,4.0,0.00,0.0,000000,39.8,193
484600,2019-02-04,12:46:09,14.4,994.6,19.2,1012.0,9.9,4.4,0.00,0.0,000000,73.7,235
484590,2019-02-04,12:46:09,10.0,1015.0,18.7,1011.7,8.0,6.9,0.01,0.0,010000,50.8,49
484560,2019-02-04,12:46:09,16.4,1015.2,7.5,1010.9,7.3,13.8,0.01,0.0,010000,77.0,47
488770,2019-02-04,12:46:09,4.8,1013.7,8.2,1011.3,13.8,17.0,0.00,0.0,000000,28.2,94
488390,2019-02-04,12:46:09,3.8,1017.2,2.7,1018.7,11.5,27.4,0.02,0.0,010000,82.9,351
489100,2019-02-04,12:46:09,12.2,1011.1,18.3,1018.8,6.4,9.2,0.00,0.0,000000,29.2,171
488960,2019-02-04,12:46:09,6.0,1036.6,11.6,1013.1,24.7,10.0,0.00,0.0,000000,31.4,347
488962,2019-02-04,12:46:09,6.0,1011.2,15.2,1010.5,20.8,3.8,0.00,0.0,000000,75.6,87
484780,2019-02-04,12:46:09,13.5,1011.3,20.7,1011.1,6.9,9.0,0.13,0.0,010000,50.8,23
488300,2019-02-04,12:46:09,-0.6,994.8,7.1,1026.6,15.8,12.6,0.00,0.0,000000,39.0,52
488925,2019-02-04,12:46:09,5.7,1009.0,11.5,1029.7,14.4,8.1,0.00,0.0,000000,75.8,196
488935,2019-02-04,12:46:09,8.4,1011.1,14.1,1022.5,11.6,16.7,0.0,0.0,000000,77.2,252
489550,2019-02-04,12:46:09,10.8,1006.0,19.8,1012.0,19.6,5.8,0.00,0.0,000000,20.5,34
488700,2019-02-04,12:46:09,5.4,1014.2,7.9,1015.6,17.2,14.6,0.01,0.0,010000,52.3,302
488080,2019-02-04,12:46:09,3.0,999.4,7.8,1019.8,20.3,8.6,0.01,0.0,010000,51.8,214
488676,2019-02-04,12:46:09,10.0,1014.8,16.4,1026.3,9.6,15.7,0.00,0.0,000000,17.3,8
488685,2019-02-04,12:46:09,3.2,1015.8,10.5,999.9,12.0,15.9,0.00,0.0,000000,84.4,188
485650,2019-02-04,12:46:09,14.4,1009.0,20.8,1009.7,12.3,1.6,0.09,0.0,010000,51.8,128
485660,2019-02-04,12:46:09,15.4,1029.7,21.9,1010.4,10.6,6.0,0.00,0.0,000000,85.1,129
485640,2019-02-04,12:46:09,14.7,987.5,22.7,1005.2,12.9,2.4,0.32,0.0,010000,76.3,325
484300,2019-02-04,12:46:09,14.3,1010.8,16.4,1011.6,10.4,0.7,0.19,0.0,010000,64.3,264
483750,2019-02-04,12:46:09,8.9,1010.7,19.3,1010.4,8.0,5.4,0.00,0.0,000000,53.7,218
483770,2019-02-04,12:46:09,0.2,1022.7,19.8,1011.1,4.4,11.0,0.00,0.0,000000,36.4,46
488970,2019-02-04,12:46:09,10.9,1013.0,15.8,1008.2,16.0,19.8,0.00,0.0,000000,59.5,133
488460,2019-02-04,12:46:09,6.8,986.0,8.4,1021.6,4.1,10.1,0.00,0.0,000000,61.0,120
483030,2019-02-04,12:46:09,9.6,1009.8,15.9,1012.0,6.1,2.0,0.00,0.0,000000,38.6,42
488840,2019-02-04,12:46:09,5.2,919.1,7.5,952.2,11.5,3.1,0.00,0.0,000000,99.9,232
483545,2019-02-04,12:46:09,4.4,1005.5,20.2,1009.2,6.6,3.6,0.00,0.0,000000,88.1,12
483540,2019-02-04,12:46:09,7.8,998.2,15.7,1009.2,2.8,6.5,0.00,0.0,000000,13.0,46
488635,2019-02-04,12:46:09,7.1,1016.3,13.0,1020.9,13.6,13.6,0.00,0.0,000000,77.0,154